id,user_id,task_id,level,work_target,machine,material_spec,change_factor,goal,created_at
1,3,1,15,[職務カテゴリ: 切削・初品確認 / 分類コード: NC-A-01] 対象工程 L1-1: NC加工・レベル15対応,ボール盤（標準型）,S45C炭素鋼（一般用途）,加工開始後の寸法ばらつき発生,Ra 3.2以下達成、外観品質向上,2024-01-01T00:00:00Z
2,16,2,64,[職務カテゴリ: 安全管理・環境整備 / 分類コード: NC-A-02] 対象工程 L4-2: NC加工・レベル64対応,5軸複合加工機（DMG Mori NTX-2000）,形状記憶合金（Ni-Ti系、医療機器用）,難削材加工での切削温度上昇（800℃超）,ナノ精度加工の実現（公差±0.001mm）,2024-01-01T00:00:00Z
3,11,3,43,[職務カテゴリ: 精密加工・品質管理 / 分類コード: NC-A-03] 対象工程 L3-3: NC加工・レベル43対応,CNC研削盤（Studer S33）,Inconel 718耐熱合金（航空機エンジン部品用）,微細形状加工での工具たわみ（径0.5mm以下）,微細形状の寸法精度±0.002mm確保,2024-01-01T00:00:00Z
4,10,4,53,[職務カテゴリ: 精密加工・品質管理 / 分類コード: NC-A-04] 対象工程 L3-4: NC加工・レベル53対応,CNC研削盤（Studer S33）,炭素繊維強化プラスチック（CFRP、積層構造）,高硬度材加工での工具寿命短縮（通常の1/3）,5軸加工での形状精度±0.005mm達成,2024-01-03T00:00:00Z
5,11,5,30,[職務カテゴリ: CAD/CAM・プログラミング / 分類コード: NC-A-05] 対象工程 L2-5: NC加工・レベル30対応,研削盤（Toyoda GE4P）,AISI 4340鋼材（高強度グレード、HRC 30-35）,季節変動による熱変位（室温±5℃変化）,熱変位補正による精度安定化（±0.005mm）,2024-01-03T00:00:00Z
6,4,6,14,[職務カテゴリ: 精密加工・品質管理 / 分類コード: NC-A-06] 対象工程 L1-6: NC加工・レベル14対応,NC旋盤（Mazak QT-200）,AISI 4340鋼材（標準グレード）,加工開始後の寸法ばらつき発生,寸法公差±0.02mm以内、バリ発生抑制,2024-01-03T00:00:00Z
7,9,7,71,[職務カテゴリ: 切削・初品確認 / 分類コード: NC-A-07] 対象工程 L4-7: NC加工・レベル71対応,5軸複合加工機（DMG Mori NTX-2000）,形状記憶合金（Ni-Ti系、医療機器用）,難削材加工での切削温度上昇（800℃超）,難削材加工での安定生産確立（工具寿命100個以上）,2024-01-06T00:00:00Z
8,19,8,22,[職務カテゴリ: CAD/CAM・プログラミング / 分類コード: NC-A-08] 対象工程 L2-8: NC加工・レベル22対応,NC旋盤（Okuma LB-3000）,Ti-6Al-4Vチタン合金（航空機用）,複数工程での累積公差の影響,サイクルタイム20%短縮、品質維持,2024-01-06T00:00:00Z
9,12,9,6,[職務カテゴリ: CAD/CAM・プログラミング / 分類コード: NC-A-09] 対象工程 L1-9: NC加工・レベル6対応,汎用フライス盤（Mori Seiki NH-4000）,S45C炭素鋼（一般用途）,新規ロット材導入（ロット番号変更）,Ra 3.2以下達成、外観品質向上,2024-01-06T00:00:00Z
10,17,10,35,[職務カテゴリ: 材料選定・特性評価 / 分類コード: NC-A-10] 対象工程 L2-10: NC加工・レベル35対応,NC旋盤（Okuma LB-3000）,NAK80プリハードン鋼（HRC 37-43）,季節変動による熱変位（室温±5℃変化）,熱変位補正による精度安定化（±0.005mm）,2024-01-07T00:00:00Z
11,12,11,13,[職務カテゴリ: 生産効率・改善活動 / 分類コード: NC-A-11] 対象工程 L1-11: NC加工・レベル13対応,ボール盤（標準型）,SUS304ステンレス鋼（汎用）,表面粗さの悪化傾向,寸法公差±0.02mm以内、バリ発生抑制,2024-01-07T00:00:00Z
12,8,12,93,[職務カテゴリ: 精密加工・品質管理 / 分類コード: NC-A-12] 対象工程 L5-12: NC加工・レベル93対応,レーザー加工機（Trumpf TruLaser 5030）,傾斜機能材料（FGM、熱遮蔽コーティング用）,原子レベルの表面粗さ要求（Ra < 0.01μm）,極限環境加工技術の開発と実用化,2024-01-07T00:00:00Z
13,1,13,93,[職務カテゴリ: 多軸加工・複雑形状 / 分類コード: NC-A-13] 対象工程 L5-13: NC加工・レベル93対応,超高速マシニングセンタ（Makino D500）,ナノ結晶材料（粒径50nm以下、超高強度）,極限環境での加工条件最適化（真空中・極低温）,新材料加工プロセスの確立と標準化,2024-01-10T00:00:00Z
14,4,14,35,[職務カテゴリ: 切削・初品確認 / 分類コード: NC-A-14] 対象工程 L2-14: NC加工・レベル35対応,マシニングセンタ（DMG Mori NVX-5000）,Ti-6Al-4Vチタン合金（航空機用）,季節変動による熱変位（室温±5℃変化）,熱変位補正による精度安定化（±0.005mm）,2024-01-10T00:00:00Z
15,10,15,89,[職務カテゴリ: 多軸加工・複雑形状 / 分類コード: NC-A-15] 対象工程 L5-15: NC加工・レベル89対応,ナノ精度加工機（Moore Nanotech 350FG）,メタマテリアル複合材（負の屈折率特性）,新材料の切削データベース不在（実験的加工）,極限環境加工技術の開発と実用化,2024-01-10T00:00:00Z
16,14,16,39,[職務カテゴリ: 切削・初品確認 / 分類コード: NC-A-16] 対象工程 L2-16: NC加工・レベル39対応,マシニングセンタ（DMG Mori NVX-5000）,NAK80プリハードン鋼（HRC 37-43）,工具摩耗進行による寸法変動（500個加工後）,熱変位補正による精度安定化（±0.005mm）,2024-01-12T00:00:00Z
17,17,17,70,[職務カテゴリ: 測定・検査技術 / 分類コード: NC-A-17] 対象工程 L4-17: NC加工・レベル70対応,超精密加工機（Makino V33i）,形状記憶合金（Ni-Ti系、医療機器用）,難削材加工での切削温度上昇（800℃超）,難削材加工での安定生産確立（工具寿命100個以上）,2024-01-12T00:00:00Z
18,14,18,91,[職務カテゴリ: 切削・初品確認 / 分類コード: NC-A-18] 対象工程 L5-18: NC加工・レベル91対応,ナノ精度加工機（Moore Nanotech 350FG）,メタマテリアル複合材（負の屈折率特性）,原子レベルの表面粗さ要求（Ra < 0.01μm）,極限環境加工技術の開発と実用化,2024-01-12T00:00:00Z
19,3,19,26,[職務カテゴリ: 精密加工・品質管理 / 分類コード: NC-A-19] 対象工程 L2-19: NC加工・レベル26対応,NC旋盤（Okuma LB-3000）,Ti-6Al-4Vチタン合金（航空機用）,複数工程での累積公差の影響,寸法公差±0.01mm維持、工具寿命30%向上,2024-01-14T00:00:00Z
20,8,20,50,[職務カテゴリ: 多軸加工・複雑形状 / 分類コード: NC-A-20] 対象工程 L3-20: NC加工・レベル50対応,CNC研削盤（Studer S33）,炭素繊維強化プラスチック（CFRP、積層構造）,微細形状加工での工具たわみ（径0.5mm以下）,微細形状の寸法精度±0.002mm確保,2024-01-14T00:00:00Z
21,9,21,26,[職務カテゴリ: 測定・検査技術 / 分類コード: NC-A-21] 対象工程 L2-21: NC加工・レベル26対応,マシニングセンタ（DMG Mori NVX-5000）,Ti-6Al-4Vチタン合金（航空機用）,複数工程での累積公差の影響,寸法公差±0.01mm維持、工具寿命30%向上,2024-01-14T00:00:00Z
22,2,22,58,[職務カテゴリ: 切削・初品確認 / 分類コード: NC-A-22] 対象工程 L3-22: NC加工・レベル58対応,5軸マシニングセンタ（DMG Mori DMU-50）,超硬合金（WC-Co系、HRA 90以上）,高硬度材加工での工具寿命短縮（通常の1/3）,5軸加工での形状精度±0.005mm達成,2024-01-15T00:00:00Z
23,7,23,39,[職務カテゴリ: 工具管理・最適化 / 分類コード: NC-A-23] 対象工程 L2-23: NC加工・レベル39対応,NC旋盤（Okuma LB-3000）,AISI 4340鋼材（高強度グレード、HRC 30-35）,工具摩耗進行による寸法変動（500個加工後）,熱変位補正による精度安定化（±0.005mm）,2024-01-15T00:00:00Z
24,20,24,26,[職務カテゴリ: メンテナンス・トラブル対応 / 分類コード: NC-A-24] 対象工程 L2-24: NC加工・レベル26対応,研削盤（Toyoda GE4P）,NAK80プリハードン鋼（HRC 37-43）,季節変動による熱変位（室温±5℃変化）,サイクルタイム20%短縮、品質維持,2024-01-15T00:00:00Z
25,19,25,13,[職務カテゴリ: メンテナンス・トラブル対応 / 分類コード: NC-A-25] 対象工程 L1-25: NC加工・レベル13対応,NC旋盤（Mazak QT-200）,SUS304ステンレス鋼（汎用）,新規ロット材導入（ロット番号変更）,寸法公差±0.02mm以内、バリ発生抑制,2024-01-17T00:00:00Z
26,2,26,90,[職務カテゴリ: 多軸加工・複雑形状 / 分類コード: NC-A-26] 対象工程 L5-26: NC加工・レベル90対応,ナノ精度加工機（Moore Nanotech 350FG）,傾斜機能材料（FGM、熱遮蔽コーティング用）,新材料の切削データベース不在（実験的加工）,極限環境加工技術の開発と実用化,2024-01-17T00:00:00Z
27,8,27,30,[職務カテゴリ: メンテナンス・トラブル対応 / 分類コード: NC-A-27] 対象工程 L2-27: NC加工・レベル30対応,NC旋盤（Okuma LB-3000）,Ti-6Al-4Vチタン合金（航空機用）,工具摩耗進行による寸法変動（500個加工後）,熱変位補正による精度安定化（±0.005mm）,2024-01-17T00:00:00Z
28,13,28,15,[職務カテゴリ: 測定・検査技術 / 分類コード: NC-A-28] 対象工程 L1-28: NC加工・レベル15対応,NC旋盤（Mazak QT-200）,S45C炭素鋼（一般用途）,加工開始後の寸法ばらつき発生,初品寸法公差内維持、不良率5%以下,2024-01-19T00:00:00Z
29,19,29,82,[職務カテゴリ: 工具管理・最適化 / 分類コード: NC-A-29] 対象工程 L5-29: NC加工・レベル82対応,超高速マシニングセンタ（Makino D500）,ナノ結晶材料（粒径50nm以下、超高強度）,極限環境での加工条件最適化（真空中・極低温）,極限環境加工技術の開発と実用化,2024-01-19T00:00:00Z
30,19,30,60,[職務カテゴリ: 材料選定・特性評価 / 分類コード: NC-A-30] 対象工程 L3-30: NC加工・レベル60対応,5軸マシニングセンタ（DMG Mori DMU-50）,超硬合金（WC-Co系、HRA 90以上）,多軸同時加工での振動発生（固有振動数励起）,高硬度材加工での工具寿命確保（200個以上）,2024-01-19T00:00:00Z
31,15,31,65,[職務カテゴリ: 安全管理・環境整備 / 分類コード: 材料-B-01] 対象工程 L4-1: 材料特性・レベル65対応,5軸複合加工機（DMG Mori NTX-2000）,形状記憶合金（Ni-Ti系、医療機器用）,難削材加工での切削温度上昇（800℃超）,ナノ精度加工の実現（公差±0.001mm）,2024-01-19T00:00:00Z
32,11,32,68,[職務カテゴリ: 材料選定・特性評価 / 分類コード: 材料-B-02] 対象工程 L4-2: 材料特性・レベル68対応,超精密加工機（Makino V33i）,形状記憶合金（Ni-Ti系、医療機器用）,ナノレベル精度要求（公差±0.001mm）,難削材加工での安定生産確立（工具寿命100個以上）,2024-01-19T00:00:00Z
33,9,33,68,[職務カテゴリ: メンテナンス・トラブル対応 / 分類コード: 材料-B-03] 対象工程 L4-3: 材料特性・レベル68対応,超精密加工機（Makino V33i）,単結晶ニッケル基超合金（CMSX-4、タービンブレード用）,ナノレベル精度要求（公差±0.001mm）,複雑5軸加工の無人化運転達成,2024-01-19T00:00:00Z
34,6,34,38,[職務カテゴリ: 生産効率・改善活動 / 分類コード: 材料-B-04] 対象工程 L2-4: 材料特性・レベル38対応,マシニングセンタ（DMG Mori NVX-5000）,Ti-6Al-4Vチタン合金（航空機用）,複数工程での累積公差の影響,サイクルタイム20%短縮、品質維持,2024-01-22T00:00:00Z
35,2,35,17,[職務カテゴリ: 材料選定・特性評価 / 分類コード: 材料-B-05] 対象工程 L1-5: 材料特性・レベル17対応,NC旋盤（Mazak QT-200）,SUS304ステンレス鋼（汎用）,表面粗さの悪化傾向,寸法公差±0.02mm以内、バリ発生抑制,2024-01-22T00:00:00Z
36,18,36,93,[職務カテゴリ: 測定・検査技術 / 分類コード: 材料-B-06] 対象工程 L5-6: 材料特性・レベル93対応,ナノ精度加工機（Moore Nanotech 350FG）,ナノ結晶材料（粒径50nm以下、超高強度）,極限環境での加工条件最適化（真空中・極低温）,極限環境加工技術の開発と実用化,2024-01-22T00:00:00Z
37,8,37,3,[職務カテゴリ: 安全管理・環境整備 / 分類コード: 材料-B-07] 対象工程 L1-7: 材料特性・レベル3対応,汎用フライス盤（Mori Seiki NH-4000）,AISI 4340鋼材（標準グレード）,表面粗さの悪化傾向,初品寸法公差内維持、不良率5%以下,2024-01-23T00:00:00Z
38,12,38,12,[職務カテゴリ: 測定・検査技術 / 分類コード: 材料-B-08] 対象工程 L1-8: 材料特性・レベル12対応,ボール盤（標準型）,AISI 4340鋼材（標準グレード）,新規ロット材導入（ロット番号変更）,Ra 3.2以下達成、外観品質向上,2024-01-23T00:00:00Z
39,19,39,47,[職務カテゴリ: 安全管理・環境整備 / 分類コード: 材料-B-09] 対象工程 L3-9: 材料特性・レベル47対応,5軸マシニングセンタ（DMG Mori DMU-50）,超硬合金（WC-Co系、HRA 90以上）,微細形状加工での工具たわみ（径0.5mm以下）,高硬度材加工での工具寿命確保（200個以上）,2024-01-23T00:00:00Z
40,17,40,14,[職務カテゴリ: 測定・検査技術 / 分類コード: 材料-B-10] 対象工程 L1-10: 材料特性・レベル14対応,ボール盤（標準型）,SUS304ステンレス鋼（汎用）,加工開始後の寸法ばらつき発生,初品寸法公差内維持、不良率5%以下,2024-01-25T00:00:00Z
41,8,41,37,[職務カテゴリ: 工具管理・最適化 / 分類コード: 材料-B-11] 対象工程 L2-11: 材料特性・レベル37対応,研削盤（Toyoda GE4P）,Ti-6Al-4Vチタン合金（航空機用）,工具摩耗進行による寸法変動（500個加工後）,熱変位補正による精度安定化（±0.005mm）,2024-01-25T00:00:00Z
42,16,42,29,[職務カテゴリ: CAD/CAM・プログラミング / 分類コード: 材料-B-12] 対象工程 L2-12: 材料特性・レベル29対応,マシニングセンタ（DMG Mori NVX-5000）,Ti-6Al-4Vチタン合金（航空機用）,複数工程での累積公差の影響,寸法公差±0.01mm維持、工具寿命30%向上,2024-01-25T00:00:00Z
43,11,43,29,[職務カテゴリ: 生産効率・改善活動 / 分類コード: 材料-B-13] 対象工程 L2-13: 材料特性・レベル29対応,研削盤（Toyoda GE4P）,AISI 4340鋼材（高強度グレード、HRC 30-35）,季節変動による熱変位（室温±5℃変化）,サイクルタイム20%短縮、品質維持,2024-01-28T00:00:00Z
44,13,44,92,[職務カテゴリ: 切削・初品確認 / 分類コード: 材料-B-14] 対象工程 L5-14: 材料特性・レベル92対応,ナノ精度加工機（Moore Nanotech 350FG）,傾斜機能材料（FGM、熱遮蔽コーティング用）,新材料の切削データベース不在（実験的加工）,原子レベル表面仕上げの安定生産（Ra < 0.01μm）,2024-01-28T00:00:00Z
45,8,45,47,[職務カテゴリ: 材料選定・特性評価 / 分類コード: 材料-B-15] 対象工程 L3-15: 材料特性・レベル47対応,複合加工機（Mazak Integrex i-200）,炭素繊維強化プラスチック（CFRP、積層構造）,微細形状加工での工具たわみ（径0.5mm以下）,高硬度材加工での工具寿命確保（200個以上）,2024-01-28T00:00:00Z
46,10,46,16,[職務カテゴリ: メンテナンス・トラブル対応 / 分類コード: 材料-B-16] 対象工程 L1-16: 材料特性・レベル16対応,汎用フライス盤（Mori Seiki NH-4000）,AISI 4340鋼材（標準グレード）,新規ロット材導入（ロット番号変更）,Ra 3.2以下達成、外観品質向上,2024-01-29T00:00:00Z
47,12,47,1,[職務カテゴリ: 測定・検査技術 / 分類コード: 材料-B-17] 対象工程 L1-17: 材料特性・レベル1対応,汎用フライス盤（Mori Seiki NH-4000）,S45C炭素鋼（一般用途）,表面粗さの悪化傾向,寸法公差±0.02mm以内、バリ発生抑制,2024-01-29T00:00:00Z
48,18,48,30,[職務カテゴリ: 生産効率・改善活動 / 分類コード: 材料-B-18] 対象工程 L2-18: 材料特性・レベル30対応,NC旋盤（Okuma LB-3000）,NAK80プリハードン鋼（HRC 37-43）,季節変動による熱変位（室温±5℃変化）,熱変位補正による精度安定化（±0.005mm）,2024-01-29T00:00:00Z
49,8,49,99,[職務カテゴリ: 安全管理・環境整備 / 分類コード: 材料-B-19] 対象工程 L5-19: 材料特性・レベル99対応,レーザー加工機（Trumpf TruLaser 5030）,メタマテリアル複合材（負の屈折率特性）,新材料の切削データベース不在（実験的加工）,原子レベル表面仕上げの安定生産（Ra < 0.01μm）,2024-01-30T00:00:00Z
50,13,50,74,[職務カテゴリ: 切削・初品確認 / 分類コード: 材料-B-20] 対象工程 L4-20: 材料特性・レベル74対応,超精密加工機（Makino V33i）,単結晶ニッケル基超合金（CMSX-4、タービンブレード用）,ナノレベル精度要求（公差±0.001mm）,ナノ精度加工の実現（公差±0.001mm）,2024-01-30T00:00:00Z
51,19,51,59,[職務カテゴリ: 安全管理・環境整備 / 分類コード: 材料-B-21] 対象工程 L3-21: 材料特性・レベル59対応,5軸マシニングセンタ（DMG Mori DMU-50）,Inconel 718耐熱合金（航空機エンジン部品用）,高硬度材加工での工具寿命短縮（通常の1/3）,高硬度材加工での工具寿命確保（200個以上）,2024-01-30T00:00:00Z
52,2,52,65,[職務カテゴリ: 測定・検査技術 / 分類コード: 材料-B-22] 対象工程 L4-22: 材料特性・レベル65対応,超精密加工機（Makino V33i）,単結晶ニッケル基超合金（CMSX-4、タービンブレード用）,複雑形状での工具干渉リスク（5軸加工）,ナノ精度加工の実現（公差±0.001mm）,2024-02-02T00:00:00Z
53,13,53,25,[職務カテゴリ: 多軸加工・複雑形状 / 分類コード: 材料-B-23] 対象工程 L2-23: 材料特性・レベル25対応,研削盤（Toyoda GE4P）,AISI 4340鋼材（高強度グレード、HRC 30-35）,季節変動による熱変位（室温±5℃変化）,サイクルタイム20%短縮、品質維持,2024-02-02T00:00:00Z
54,8,54,92,[職務カテゴリ: 工具管理・最適化 / 分類コード: 材料-B-24] 対象工程 L5-24: 材料特性・レベル92対応,レーザー加工機（Trumpf TruLaser 5030）,傾斜機能材料（FGM、熱遮蔽コーティング用）,原子レベルの表面粗さ要求（Ra < 0.01μm）,新材料加工プロセスの確立と標準化,2024-02-02T00:00:00Z
55,1,55,57,[職務カテゴリ: メンテナンス・トラブル対応 / 分類コード: 材料-B-25] 対象工程 L3-25: 材料特性・レベル57対応,5軸マシニングセンタ（DMG Mori DMU-50）,炭素繊維強化プラスチック（CFRP、積層構造）,微細形状加工での工具たわみ（径0.5mm以下）,微細形状の寸法精度±0.002mm確保,2024-02-05T00:00:00Z
56,14,56,77,[職務カテゴリ: 測定・検査技術 / 分類コード: 材料-B-26] 対象工程 L4-26: 材料特性・レベル77対応,超精密加工機（Makino V33i）,窒化ケイ素セラミックス（Si3N4、高温用途）,複雑形状での工具干渉リスク（5軸加工）,難削材加工での安定生産確立（工具寿命100個以上）,2024-02-05T00:00:00Z
57,17,57,62,[職務カテゴリ: 安全管理・環境整備 / 分類コード: 材料-B-27] 対象工程 L4-27: 材料特性・レベル62対応,5軸複合加工機（DMG Mori NTX-2000）,窒化ケイ素セラミックス（Si3N4、高温用途）,難削材加工での切削温度上昇（800℃超）,ナノ精度加工の実現（公差±0.001mm）,2024-02-05T00:00:00Z
58,1,58,99,[職務カテゴリ: 工具管理・最適化 / 分類コード: 材料-B-28] 対象工程 L5-28: 材料特性・レベル99対応,レーザー加工機（Trumpf TruLaser 5030）,メタマテリアル複合材（負の屈折率特性）,原子レベルの表面粗さ要求（Ra < 0.01μm）,極限環境加工技術の開発と実用化,2024-02-07T00:00:00Z
59,8,59,67,[職務カテゴリ: 精密加工・品質管理 / 分類コード: 材料-B-29] 対象工程 L4-29: 材料特性・レベル67対応,ワイヤー放電加工機（Sodick AQ327L）,形状記憶合金（Ni-Ti系、医療機器用）,ナノレベル精度要求（公差±0.001mm）,難削材加工での安定生産確立（工具寿命100個以上）,2024-02-07T00:00:00Z
60,7,60,46,[職務カテゴリ: 精密加工・品質管理 / 分類コード: 材料-B-30] 対象工程 L3-30: 材料特性・レベル46対応,複合加工機（Mazak Integrex i-200）,Inconel 718耐熱合金（航空機エンジン部品用）,高硬度材加工での工具寿命短縮（通常の1/3）,微細形状の寸法精度±0.002mm確保,2024-02-07T00:00:00Z
61,2,61,7,[職務カテゴリ: 材料選定・特性評価 / 分類コード: 高精-C-01] 対象工程 L1-1: 高精度加工・レベル7対応,NC旋盤（Mazak QT-200）,SUS304ステンレス鋼（汎用）,加工開始後の寸法ばらつき発生,初品寸法公差内維持、不良率5%以下,2024-02-07T00:00:00Z
62,20,62,64,[職務カテゴリ: 工具管理・最適化 / 分類コード: 高精-C-02] 対象工程 L4-2: 高精度加工・レベル64対応,超精密加工機（Makino V33i）,単結晶ニッケル基超合金（CMSX-4、タービンブレード用）,複雑形状での工具干渉リスク（5軸加工）,難削材加工での安定生産確立（工具寿命100個以上）,2024-02-07T00:00:00Z
63,3,63,5,[職務カテゴリ: 材料選定・特性評価 / 分類コード: 高精-C-03] 対象工程 L1-3: 高精度加工・レベル5対応,汎用フライス盤（Mori Seiki NH-4000）,S45C炭素鋼（一般用途）,新規ロット材導入（ロット番号変更）,寸法公差±0.02mm以内、バリ発生抑制,2024-02-07T00:00:00Z
64,4,64,69,[職務カテゴリ: 切削・初品確認 / 分類コード: 高精-C-04] 対象工程 L4-4: 高精度加工・レベル69対応,ワイヤー放電加工機（Sodick AQ327L）,窒化ケイ素セラミックス（Si3N4、高温用途）,ナノレベル精度要求（公差±0.001mm）,複雑5軸加工の無人化運転達成,2024-02-08T00:00:00Z
65,5,65,76,[職務カテゴリ: 生産効率・改善活動 / 分類コード: 高精-C-05] 対象工程 L4-5: 高精度加工・レベル76対応,5軸複合加工機（DMG Mori NTX-2000）,単結晶ニッケル基超合金（CMSX-4、タービンブレード用）,複雑形状での工具干渉リスク（5軸加工）,ナノ精度加工の実現（公差±0.001mm）,2024-02-08T00:00:00Z
66,11,66,27,[職務カテゴリ: 安全管理・環境整備 / 分類コード: 高精-C-06] 対象工程 L2-6: 高精度加工・レベル27対応,マシニングセンタ（DMG Mori NVX-5000）,AISI 4340鋼材（高強度グレード、HRC 30-35）,季節変動による熱変位（室温±5℃変化）,寸法公差±0.01mm維持、工具寿命30%向上,2024-02-08T00:00:00Z
67,3,67,68,[職務カテゴリ: 生産効率・改善活動 / 分類コード: 高精-C-07] 対象工程 L4-7: 高精度加工・レベル68対応,超精密加工機（Makino V33i）,単結晶ニッケル基超合金（CMSX-4、タービンブレード用）,難削材加工での切削温度上昇（800℃超）,複雑5軸加工の無人化運転達成,2024-02-10T00:00:00Z
68,4,68,70,[職務カテゴリ: 生産効率・改善活動 / 分類コード: 高精-C-08] 対象工程 L4-8: 高精度加工・レベル70対応,超精密加工機（Makino V33i）,形状記憶合金（Ni-Ti系、医療機器用）,複雑形状での工具干渉リスク（5軸加工）,複雑5軸加工の無人化運転達成,2024-02-10T00:00:00Z
69,6,69,58,[職務カテゴリ: 生産効率・改善活動 / 分類コード: 高精-C-09] 対象工程 L3-9: 高精度加工・レベル58対応,CNC研削盤（Studer S33）,Inconel 718耐熱合金（航空機エンジン部品用）,微細形状加工での工具たわみ（径0.5mm以下）,微細形状の寸法精度±0.002mm確保,2024-02-10T00:00:00Z
70,18,70,30,[職務カテゴリ: 切削・初品確認 / 分類コード: 高精-C-10] 対象工程 L2-10: 高精度加工・レベル30対応,マシニングセンタ（DMG Mori NVX-5000）,NAK80プリハードン鋼（HRC 37-43）,工具摩耗進行による寸法変動（500個加工後）,熱変位補正による精度安定化（±0.005mm）,2024-02-13T00:00:00Z
71,16,71,61,[職務カテゴリ: 安全管理・環境整備 / 分類コード: 高精-C-11] 対象工程 L4-11: 高精度加工・レベル61対応,5軸複合加工機（DMG Mori NTX-2000）,単結晶ニッケル基超合金（CMSX-4、タービンブレード用）,複雑形状での工具干渉リスク（5軸加工）,難削材加工での安定生産確立（工具寿命100個以上）,2024-02-13T00:00:00Z
72,20,72,26,[職務カテゴリ: CAD/CAM・プログラミング / 分類コード: 高精-C-12] 対象工程 L2-12: 高精度加工・レベル26対応,マシニングセンタ（DMG Mori NVX-5000）,AISI 4340鋼材（高強度グレード、HRC 30-35）,工具摩耗進行による寸法変動（500個加工後）,熱変位補正による精度安定化（±0.005mm）,2024-02-13T00:00:00Z
73,8,73,60,[職務カテゴリ: 工具管理・最適化 / 分類コード: 高精-C-13] 対象工程 L3-13: 高精度加工・レベル60対応,CNC研削盤（Studer S33）,炭素繊維強化プラスチック（CFRP、積層構造）,多軸同時加工での振動発生（固有振動数励起）,5軸加工での形状精度±0.005mm達成,2024-02-14T00:00:00Z
74,1,74,48,[職務カテゴリ: 切削・初品確認 / 分類コード: 高精-C-14] 対象工程 L3-14: 高精度加工・レベル48対応,複合加工機（Mazak Integrex i-200）,Inconel 718耐熱合金（航空機エンジン部品用）,微細形状加工での工具たわみ（径0.5mm以下）,5軸加工での形状精度±0.005mm達成,2024-02-14T00:00:00Z
75,17,75,58,[職務カテゴリ: CAD/CAM・プログラミング / 分類コード: 高精-C-15] 対象工程 L3-15: 高精度加工・レベル58対応,CNC研削盤（Studer S33）,Inconel 718耐熱合金（航空機エンジン部品用）,高硬度材加工での工具寿命短縮（通常の1/3）,5軸加工での形状精度±0.005mm達成,2024-02-14T00:00:00Z
76,10,76,86,[職務カテゴリ: 工具管理・最適化 / 分類コード: 高精-C-16] 対象工程 L5-16: 高精度加工・レベル86対応,レーザー加工機（Trumpf TruLaser 5030）,ナノ結晶材料（粒径50nm以下、超高強度）,極限環境での加工条件最適化（真空中・極低温）,極限環境加工技術の開発と実用化,2024-02-16T00:00:00Z
77,5,77,25,[職務カテゴリ: メンテナンス・トラブル対応 / 分類コード: 高精-C-17] 対象工程 L2-17: 高精度加工・レベル25対応,研削盤（Toyoda GE4P）,Ti-6Al-4Vチタン合金（航空機用）,複数工程での累積公差の影響,熱変位補正による精度安定化（±0.005mm）,2024-02-16T00:00:00Z
78,14,78,85,[職務カテゴリ: 切削・初品確認 / 分類コード: 高精-C-18] 対象工程 L5-18: 高精度加工・レベル85対応,レーザー加工機（Trumpf TruLaser 5030）,メタマテリアル複合材（負の屈折率特性）,新材料の切削データベース不在（実験的加工）,新材料加工プロセスの確立と標準化,2024-02-16T00:00:00Z
79,2,79,53,[職務カテゴリ: 測定・検査技術 / 分類コード: 高精-C-19] 対象工程 L3-19: 高精度加工・レベル53対応,複合加工機（Mazak Integrex i-200）,炭素繊維強化プラスチック（CFRP、積層構造）,多軸同時加工での振動発生（固有振動数励起）,高硬度材加工での工具寿命確保（200個以上）,2024-02-18T00:00:00Z
80,16,80,41,[職務カテゴリ: 測定・検査技術 / 分類コード: 高精-C-20] 対象工程 L3-20: 高精度加工・レベル41対応,複合加工機（Mazak Integrex i-200）,Inconel 718耐熱合金（航空機エンジン部品用）,高硬度材加工での工具寿命短縮（通常の1/3）,微細形状の寸法精度±0.002mm確保,2024-02-18T00:00:00Z
81,14,81,42,[職務カテゴリ: メンテナンス・トラブル対応 / 分類コード: 高精-C-21] 対象工程 L3-21: 高精度加工・レベル42対応,CNC研削盤（Studer S33）,Inconel 718耐熱合金（航空機エンジン部品用）,微細形状加工での工具たわみ（径0.5mm以下）,高硬度材加工での工具寿命確保（200個以上）,2024-02-18T00:00:00Z
82,13,82,8,[職務カテゴリ: CAD/CAM・プログラミング / 分類コード: 高精-C-22] 対象工程 L1-22: 高精度加工・レベル8対応,汎用フライス盤（Mori Seiki NH-4000）,S45C炭素鋼（一般用途）,加工開始後の寸法ばらつき発生,初品寸法公差内維持、不良率5%以下,2024-02-21T00:00:00Z
83,5,83,60,[職務カテゴリ: 安全管理・環境整備 / 分類コード: 高精-C-23] 対象工程 L3-23: 高精度加工・レベル60対応,CNC研削盤（Studer S33）,Inconel 718耐熱合金（航空機エンジン部品用）,微細形状加工での工具たわみ（径0.5mm以下）,5軸加工での形状精度±0.005mm達成,2024-02-21T00:00:00Z
84,3,84,51,[職務カテゴリ: メンテナンス・トラブル対応 / 分類コード: 高精-C-24] 対象工程 L3-24: 高精度加工・レベル51対応,5軸マシニングセンタ（DMG Mori DMU-50）,超硬合金（WC-Co系、HRA 90以上）,高硬度材加工での工具寿命短縮（通常の1/3）,5軸加工での形状精度±0.005mm達成,2024-02-21T00:00:00Z
85,2,85,66,[職務カテゴリ: 精密加工・品質管理 / 分類コード: 高精-C-25] 対象工程 L4-25: 高精度加工・レベル66対応,5軸複合加工機（DMG Mori NTX-2000）,窒化ケイ素セラミックス（Si3N4、高温用途）,複雑形状での工具干渉リスク（5軸加工）,ナノ精度加工の実現（公差±0.001mm）,2024-02-23T00:00:00Z
86,17,86,22,[職務カテゴリ: 切削・初品確認 / 分類コード: 高精-C-26] 対象工程 L2-26: 高精度加工・レベル22対応,研削盤（Toyoda GE4P）,AISI 4340鋼材（高強度グレード、HRC 30-35）,季節変動による熱変位（室温±5℃変化）,熱変位補正による精度安定化（±0.005mm）,2024-02-23T00:00:00Z
87,19,87,47,[職務カテゴリ: 多軸加工・複雑形状 / 分類コード: 高精-C-27] 対象工程 L3-27: 高精度加工・レベル47対応,CNC研削盤（Studer S33）,炭素繊維強化プラスチック（CFRP、積層構造）,多軸同時加工での振動発生（固有振動数励起）,微細形状の寸法精度±0.002mm確保,2024-02-23T00:00:00Z
88,13,88,77,[職務カテゴリ: 材料選定・特性評価 / 分類コード: 高精-C-28] 対象工程 L4-28: 高精度加工・レベル77対応,ワイヤー放電加工機（Sodick AQ327L）,形状記憶合金（Ni-Ti系、医療機器用）,複雑形状での工具干渉リスク（5軸加工）,ナノ精度加工の実現（公差±0.001mm）,2024-02-25T00:00:00Z
89,1,89,31,[職務カテゴリ: 工具管理・最適化 / 分類コード: 高精-C-29] 対象工程 L2-29: 高精度加工・レベル31対応,マシニングセンタ（DMG Mori NVX-5000）,Ti-6Al-4Vチタン合金（航空機用）,工具摩耗進行による寸法変動（500個加工後）,熱変位補正による精度安定化（±0.005mm）,2024-02-25T00:00:00Z
90,13,90,34,[職務カテゴリ: 測定・検査技術 / 分類コード: 高精-C-30] 対象工程 L2-30: 高精度加工・レベル34対応,マシニングセンタ（DMG Mori NVX-5000）,NAK80プリハードン鋼（HRC 37-43）,工具摩耗進行による寸法変動（500個加工後）,サイクルタイム20%短縮、品質維持,2024-02-25T00:00:00Z
91,3,91,89,[職務カテゴリ: 生産効率・改善活動 / 分類コード: 切削-D-01] 対象工程 L5-1: 切削理論・レベル89対応,レーザー加工機（Trumpf TruLaser 5030）,ナノ結晶材料（粒径50nm以下、超高強度）,極限環境での加工条件最適化（真空中・極低温）,原子レベル表面仕上げの安定生産（Ra < 0.01μm）,2024-02-25T00:00:00Z
92,19,92,48,[職務カテゴリ: 切削・初品確認 / 分類コード: 切削-D-02] 対象工程 L3-2: 切削理論・レベル48対応,CNC研削盤（Studer S33）,Inconel 718耐熱合金（航空機エンジン部品用）,微細形状加工での工具たわみ（径0.5mm以下）,微細形状の寸法精度±0.002mm確保,2024-02-25T00:00:00Z
93,15,93,16,[職務カテゴリ: 材料選定・特性評価 / 分類コード: 切削-D-03] 対象工程 L1-3: 切削理論・レベル16対応,汎用フライス盤（Mori Seiki NH-4000）,SUS304ステンレス鋼（汎用）,加工開始後の寸法ばらつき発生,寸法公差±0.02mm以内、バリ発生抑制,2024-02-25T00:00:00Z
94,2,94,48,[職務カテゴリ: 測定・検査技術 / 分類コード: 切削-D-04] 対象工程 L3-4: 切削理論・レベル48対応,複合加工機（Mazak Integrex i-200）,超硬合金（WC-Co系、HRA 90以上）,高硬度材加工での工具寿命短縮（通常の1/3）,微細形状の寸法精度±0.002mm確保,2024-02-26T00:00:00Z
95,6,95,43,[職務カテゴリ: 安全管理・環境整備 / 分類コード: 切削-D-05] 対象工程 L3-5: 切削理論・レベル43対応,複合加工機（Mazak Integrex i-200）,炭素繊維強化プラスチック（CFRP、積層構造）,多軸同時加工での振動発生（固有振動数励起）,微細形状の寸法精度±0.002mm確保,2024-02-26T00:00:00Z
96,19,96,85,[職務カテゴリ: 多軸加工・複雑形状 / 分類コード: 切削-D-06] 対象工程 L5-6: 切削理論・レベル85対応,超高速マシニングセンタ（Makino D500）,傾斜機能材料（FGM、熱遮蔽コーティング用）,極限環境での加工条件最適化（真空中・極低温）,新材料加工プロセスの確立と標準化,2024-02-26T00:00:00Z
97,6,97,29,[職務カテゴリ: 精密加工・品質管理 / 分類コード: 切削-D-07] 対象工程 L2-7: 切削理論・レベル29対応,研削盤（Toyoda GE4P）,AISI 4340鋼材（高強度グレード、HRC 30-35）,工具摩耗進行による寸法変動（500個加工後）,寸法公差±0.01mm維持、工具寿命30%向上,2024-02-27T00:00:00Z
98,1,98,94,[職務カテゴリ: 切削・初品確認 / 分類コード: 切削-D-08] 対象工程 L5-8: 切削理論・レベル94対応,ナノ精度加工機（Moore Nanotech 350FG）,ナノ結晶材料（粒径50nm以下、超高強度）,新材料の切削データベース不在（実験的加工）,新材料加工プロセスの確立と標準化,2024-02-27T00:00:00Z
99,7,99,90,[職務カテゴリ: 工具管理・最適化 / 分類コード: 切削-D-09] 対象工程 L5-9: 切削理論・レベル90対応,レーザー加工機（Trumpf TruLaser 5030）,ナノ結晶材料（粒径50nm以下、超高強度）,新材料の切削データベース不在（実験的加工）,原子レベル表面仕上げの安定生産（Ra < 0.01μm）,2024-02-27T00:00:00Z
100,2,100,3,[職務カテゴリ: 測定・検査技術 / 分類コード: 切削-D-10] 対象工程 L1-10: 切削理論・レベル3対応,汎用フライス盤（Mori Seiki NH-4000）,SUS304ステンレス鋼（汎用）,表面粗さの悪化傾向,寸法公差±0.02mm以内、バリ発生抑制,2024-02-28T00:00:00Z
101,11,101,36,[職務カテゴリ: 測定・検査技術 / 分類コード: 切削-D-11] 対象工程 L2-11: 切削理論・レベル36対応,研削盤（Toyoda GE4P）,Ti-6Al-4Vチタン合金（航空機用）,季節変動による熱変位（室温±5℃変化）,サイクルタイム20%短縮、品質維持,2024-02-28T00:00:00Z
102,4,102,44,[職務カテゴリ: メンテナンス・トラブル対応 / 分類コード: 切削-D-12] 対象工程 L3-12: 切削理論・レベル44対応,複合加工機（Mazak Integrex i-200）,超硬合金（WC-Co系、HRA 90以上）,多軸同時加工での振動発生（固有振動数励起）,5軸加工での形状精度±0.005mm達成,2024-02-28T00:00:00Z
103,2,103,15,[職務カテゴリ: 生産効率・改善活動 / 分類コード: 切削-D-13] 対象工程 L1-13: 切削理論・レベル15対応,汎用フライス盤（Mori Seiki NH-4000）,SUS304ステンレス鋼（汎用）,加工開始後の寸法ばらつき発生,初品寸法公差内維持、不良率5%以下,2024-03-02T00:00:00Z
104,4,104,4,[職務カテゴリ: 多軸加工・複雑形状 / 分類コード: 切削-D-14] 対象工程 L1-14: 切削理論・レベル4対応,ボール盤（標準型）,AISI 4340鋼材（標準グレード）,加工開始後の寸法ばらつき発生,初品寸法公差内維持、不良率5%以下,2024-03-02T00:00:00Z
105,5,105,48,[職務カテゴリ: CAD/CAM・プログラミング / 分類コード: 切削-D-15] 対象工程 L3-15: 切削理論・レベル48対応,5軸マシニングセンタ（DMG Mori DMU-50）,超硬合金（WC-Co系、HRA 90以上）,多軸同時加工での振動発生（固有振動数励起）,微細形状の寸法精度±0.002mm確保,2024-03-02T00:00:00Z
106,16,106,27,[職務カテゴリ: 材料選定・特性評価 / 分類コード: 切削-D-16] 対象工程 L2-16: 切削理論・レベル27対応,マシニングセンタ（DMG Mori NVX-5000）,NAK80プリハードン鋼（HRC 37-43）,季節変動による熱変位（室温±5℃変化）,熱変位補正による精度安定化（±0.005mm）,2024-03-05T00:00:00Z
107,15,107,88,[職務カテゴリ: 安全管理・環境整備 / 分類コード: 切削-D-17] 対象工程 L5-17: 切削理論・レベル88対応,レーザー加工機（Trumpf TruLaser 5030）,メタマテリアル複合材（負の屈折率特性）,原子レベルの表面粗さ要求（Ra < 0.01μm）,原子レベル表面仕上げの安定生産（Ra < 0.01μm）,2024-03-05T00:00:00Z
108,5,108,58,[職務カテゴリ: 生産効率・改善活動 / 分類コード: 切削-D-18] 対象工程 L3-18: 切削理論・レベル58対応,5軸マシニングセンタ（DMG Mori DMU-50）,超硬合金（WC-Co系、HRA 90以上）,多軸同時加工での振動発生（固有振動数励起）,高硬度材加工での工具寿命確保（200個以上）,2024-03-05T00:00:00Z
109,20,109,46,[職務カテゴリ: 多軸加工・複雑形状 / 分類コード: 切削-D-19] 対象工程 L3-19: 切削理論・レベル46対応,5軸マシニングセンタ（DMG Mori DMU-50）,超硬合金（WC-Co系、HRA 90以上）,微細形状加工での工具たわみ（径0.5mm以下）,微細形状の寸法精度±0.002mm確保,2024-03-06T00:00:00Z
110,11,110,84,[職務カテゴリ: 工具管理・最適化 / 分類コード: 切削-D-20] 対象工程 L5-20: 切削理論・レベル84対応,レーザー加工機（Trumpf TruLaser 5030）,傾斜機能材料（FGM、熱遮蔽コーティング用）,極限環境での加工条件最適化（真空中・極低温）,新材料加工プロセスの確立と標準化,2024-03-06T00:00:00Z
111,6,111,69,[職務カテゴリ: 工具管理・最適化 / 分類コード: 切削-D-21] 対象工程 L4-21: 切削理論・レベル69対応,ワイヤー放電加工機（Sodick AQ327L）,窒化ケイ素セラミックス（Si3N4、高温用途）,難削材加工での切削温度上昇（800℃超）,複雑5軸加工の無人化運転達成,2024-03-06T00:00:00Z
112,9,112,78,[職務カテゴリ: 切削・初品確認 / 分類コード: 切削-D-22] 対象工程 L4-22: 切削理論・レベル78対応,ワイヤー放電加工機（Sodick AQ327L）,窒化ケイ素セラミックス（Si3N4、高温用途）,ナノレベル精度要求（公差±0.001mm）,ナノ精度加工の実現（公差±0.001mm）,2024-03-08T00:00:00Z
113,11,113,54,[職務カテゴリ: メンテナンス・トラブル対応 / 分類コード: 切削-D-23] 対象工程 L3-23: 切削理論・レベル54対応,5軸マシニングセンタ（DMG Mori DMU-50）,炭素繊維強化プラスチック（CFRP、積層構造）,微細形状加工での工具たわみ（径0.5mm以下）,微細形状の寸法精度±0.002mm確保,2024-03-08T00:00:00Z
114,7,114,23,[職務カテゴリ: 材料選定・特性評価 / 分類コード: 切削-D-24] 対象工程 L2-24: 切削理論・レベル23対応,NC旋盤（Okuma LB-3000）,AISI 4340鋼材（高強度グレード、HRC 30-35）,季節変動による熱変位（室温±5℃変化）,サイクルタイム20%短縮、品質維持,2024-03-08T00:00:00Z
115,15,115,19,[職務カテゴリ: メンテナンス・トラブル対応 / 分類コード: 切削-D-25] 対象工程 L1-25: 切削理論・レベル19対応,NC旋盤（Mazak QT-200）,AISI 4340鋼材（標準グレード）,表面粗さの悪化傾向,寸法公差±0.02mm以内、バリ発生抑制,2024-03-09T00:00:00Z
116,13,116,57,[職務カテゴリ: メンテナンス・トラブル対応 / 分類コード: 切削-D-26] 対象工程 L3-26: 切削理論・レベル57対応,5軸マシニングセンタ（DMG Mori DMU-50）,Inconel 718耐熱合金（航空機エンジン部品用）,多軸同時加工での振動発生（固有振動数励起）,微細形状の寸法精度±0.002mm確保,2024-03-09T00:00:00Z
117,19,117,92,[職務カテゴリ: メンテナンス・トラブル対応 / 分類コード: 切削-D-27] 対象工程 L5-27: 切削理論・レベル92対応,レーザー加工機（Trumpf TruLaser 5030）,ナノ結晶材料（粒径50nm以下、超高強度）,原子レベルの表面粗さ要求（Ra < 0.01μm）,新材料加工プロセスの確立と標準化,2024-03-09T00:00:00Z
118,18,118,86,[職務カテゴリ: 多軸加工・複雑形状 / 分類コード: 切削-D-28] 対象工程 L5-28: 切削理論・レベル86対応,ナノ精度加工機（Moore Nanotech 350FG）,ナノ結晶材料（粒径50nm以下、超高強度）,極限環境での加工条件最適化（真空中・極低温）,極限環境加工技術の開発と実用化,2024-03-12T00:00:00Z
119,14,119,93,[職務カテゴリ: 生産効率・改善活動 / 分類コード: 切削-D-29] 対象工程 L5-29: 切削理論・レベル93対応,ナノ精度加工機（Moore Nanotech 350FG）,メタマテリアル複合材（負の屈折率特性）,新材料の切削データベース不在（実験的加工）,原子レベル表面仕上げの安定生産（Ra < 0.01μm）,2024-03-12T00:00:00Z
120,18,120,23,[職務カテゴリ: 測定・検査技術 / 分類コード: 切削-D-30] 対象工程 L2-30: 切削理論・レベル23対応,マシニングセンタ（DMG Mori NVX-5000）,Ti-6Al-4Vチタン合金（航空機用）,季節変動による熱変位（室温±5℃変化）,サイクルタイム20%短縮、品質維持,2024-03-12T00:00:00Z
121,1,121,89,[職務カテゴリ: 測定・検査技術 / 分類コード: 工具-E-01] 対象工程 L5-1: 工具管理・レベル89対応,レーザー加工機（Trumpf TruLaser 5030）,メタマテリアル複合材（負の屈折率特性）,原子レベルの表面粗さ要求（Ra < 0.01μm）,新材料加工プロセスの確立と標準化,2024-03-12T00:00:00Z
122,20,122,18,[職務カテゴリ: 精密加工・品質管理 / 分類コード: 工具-E-02] 対象工程 L1-2: 工具管理・レベル18対応,ボール盤（標準型）,AISI 4340鋼材（標準グレード）,新規ロット材導入（ロット番号変更）,寸法公差±0.02mm以内、バリ発生抑制,2024-03-12T00:00:00Z
123,15,123,81,[職務カテゴリ: 測定・検査技術 / 分類コード: 工具-E-03] 対象工程 L5-3: 工具管理・レベル81対応,レーザー加工機（Trumpf TruLaser 5030）,傾斜機能材料（FGM、熱遮蔽コーティング用）,新材料の切削データベース不在（実験的加工）,原子レベル表面仕上げの安定生産（Ra < 0.01μm）,2024-03-12T00:00:00Z
124,15,124,86,[職務カテゴリ: 切削・初品確認 / 分類コード: 工具-E-04] 対象工程 L5-4: 工具管理・レベル86対応,レーザー加工機（Trumpf TruLaser 5030）,ナノ結晶材料（粒径50nm以下、超高強度）,原子レベルの表面粗さ要求（Ra < 0.01μm）,極限環境加工技術の開発と実用化,2024-03-15T00:00:00Z
125,19,125,9,[職務カテゴリ: 多軸加工・複雑形状 / 分類コード: 工具-E-05] 対象工程 L1-5: 工具管理・レベル9対応,ボール盤（標準型）,S45C炭素鋼（一般用途）,表面粗さの悪化傾向,寸法公差±0.02mm以内、バリ発生抑制,2024-03-15T00:00:00Z
126,1,126,34,[職務カテゴリ: 材料選定・特性評価 / 分類コード: 工具-E-06] 対象工程 L2-6: 工具管理・レベル34対応,マシニングセンタ（DMG Mori NVX-5000）,AISI 4340鋼材（高強度グレード、HRC 30-35）,複数工程での累積公差の影響,寸法公差±0.01mm維持、工具寿命30%向上,2024-03-15T00:00:00Z
127,11,127,7,[職務カテゴリ: 工具管理・最適化 / 分類コード: 工具-E-07] 対象工程 L1-7: 工具管理・レベル7対応,NC旋盤（Mazak QT-200）,SUS304ステンレス鋼（汎用）,加工開始後の寸法ばらつき発生,初品寸法公差内維持、不良率5%以下,2024-03-17T00:00:00Z
128,1,128,37,[職務カテゴリ: CAD/CAM・プログラミング / 分類コード: 工具-E-08] 対象工程 L2-8: 工具管理・レベル37対応,研削盤（Toyoda GE4P）,AISI 4340鋼材（高強度グレード、HRC 30-35）,複数工程での累積公差の影響,寸法公差±0.01mm維持、工具寿命30%向上,2024-03-17T00:00:00Z
129,11,129,93,[職務カテゴリ: 安全管理・環境整備 / 分類コード: 工具-E-09] 対象工程 L5-9: 工具管理・レベル93対応,超高速マシニングセンタ（Makino D500）,メタマテリアル複合材（負の屈折率特性）,新材料の切削データベース不在（実験的加工）,原子レベル表面仕上げの安定生産（Ra < 0.01μm）,2024-03-17T00:00:00Z
130,8,130,8,[職務カテゴリ: 生産効率・改善活動 / 分類コード: 工具-E-10] 対象工程 L1-10: 工具管理・レベル8対応,NC旋盤（Mazak QT-200）,SUS304ステンレス鋼（汎用）,加工開始後の寸法ばらつき発生,Ra 3.2以下達成、外観品質向上,2024-03-19T00:00:00Z
131,7,131,87,[職務カテゴリ: 安全管理・環境整備 / 分類コード: 工具-E-11] 対象工程 L5-11: 工具管理・レベル87対応,レーザー加工機（Trumpf TruLaser 5030）,ナノ結晶材料（粒径50nm以下、超高強度）,新材料の切削データベース不在（実験的加工）,極限環境加工技術の開発と実用化,2024-03-19T00:00:00Z
132,10,132,20,[職務カテゴリ: 材料選定・特性評価 / 分類コード: 工具-E-12] 対象工程 L1-12: 工具管理・レベル20対応,NC旋盤（Mazak QT-200）,S45C炭素鋼（一般用途）,加工開始後の寸法ばらつき発生,寸法公差±0.02mm以内、バリ発生抑制,2024-03-19T00:00:00Z
133,19,133,9,[職務カテゴリ: CAD/CAM・プログラミング / 分類コード: 工具-E-13] 対象工程 L1-13: 工具管理・レベル9対応,ボール盤（標準型）,SUS304ステンレス鋼（汎用）,表面粗さの悪化傾向,Ra 3.2以下達成、外観品質向上,2024-03-21T00:00:00Z
134,7,134,35,[職務カテゴリ: 多軸加工・複雑形状 / 分類コード: 工具-E-14] 対象工程 L2-14: 工具管理・レベル35対応,マシニングセンタ（DMG Mori NVX-5000）,AISI 4340鋼材（高強度グレード、HRC 30-35）,複数工程での累積公差の影響,寸法公差±0.01mm維持、工具寿命30%向上,2024-03-21T00:00:00Z
135,17,135,30,[職務カテゴリ: 多軸加工・複雑形状 / 分類コード: 工具-E-15] 対象工程 L2-15: 工具管理・レベル30対応,研削盤（Toyoda GE4P）,Ti-6Al-4Vチタン合金（航空機用）,季節変動による熱変位（室温±5℃変化）,サイクルタイム20%短縮、品質維持,2024-03-21T00:00:00Z
136,15,136,68,[職務カテゴリ: 材料選定・特性評価 / 分類コード: 工具-E-16] 対象工程 L4-16: 工具管理・レベル68対応,ワイヤー放電加工機（Sodick AQ327L）,単結晶ニッケル基超合金（CMSX-4、タービンブレード用）,複雑形状での工具干渉リスク（5軸加工）,難削材加工での安定生産確立（工具寿命100個以上）,2024-03-22T00:00:00Z
137,19,137,65,[職務カテゴリ: 工具管理・最適化 / 分類コード: 工具-E-17] 対象工程 L4-17: 工具管理・レベル65対応,ワイヤー放電加工機（Sodick AQ327L）,形状記憶合金（Ni-Ti系、医療機器用）,難削材加工での切削温度上昇（800℃超）,複雑5軸加工の無人化運転達成,2024-03-22T00:00:00Z
138,6,138,43,[職務カテゴリ: CAD/CAM・プログラミング / 分類コード: 工具-E-18] 対象工程 L3-18: 工具管理・レベル43対応,CNC研削盤（Studer S33）,炭素繊維強化プラスチック（CFRP、積層構造）,高硬度材加工での工具寿命短縮（通常の1/3）,微細形状の寸法精度±0.002mm確保,2024-03-22T00:00:00Z
139,10,139,21,[職務カテゴリ: 工具管理・最適化 / 分類コード: 工具-E-19] 対象工程 L2-19: 工具管理・レベル21対応,マシニングセンタ（DMG Mori NVX-5000）,AISI 4340鋼材（高強度グレード、HRC 30-35）,季節変動による熱変位（室温±5℃変化）,寸法公差±0.01mm維持、工具寿命30%向上,2024-03-24T00:00:00Z
140,11,140,11,[職務カテゴリ: 精密加工・品質管理 / 分類コード: 工具-E-20] 対象工程 L1-20: 工具管理・レベル11対応,NC旋盤（Mazak QT-200）,SUS304ステンレス鋼（汎用）,表面粗さの悪化傾向,Ra 3.2以下達成、外観品質向上,2024-03-24T00:00:00Z
141,15,141,52,[職務カテゴリ: CAD/CAM・プログラミング / 分類コード: 工具-E-21] 対象工程 L3-21: 工具管理・レベル52対応,複合加工機（Mazak Integrex i-200）,炭素繊維強化プラスチック（CFRP、積層構造）,高硬度材加工での工具寿命短縮（通常の1/3）,5軸加工での形状精度±0.005mm達成,2024-03-24T00:00:00Z
142,6,142,93,[職務カテゴリ: 生産効率・改善活動 / 分類コード: 工具-E-22] 対象工程 L5-22: 工具管理・レベル93対応,レーザー加工機（Trumpf TruLaser 5030）,メタマテリアル複合材（負の屈折率特性）,原子レベルの表面粗さ要求（Ra < 0.01μm）,極限環境加工技術の開発と実用化,2024-03-26T00:00:00Z
143,13,143,68,[職務カテゴリ: 精密加工・品質管理 / 分類コード: 工具-E-23] 対象工程 L4-23: 工具管理・レベル68対応,5軸複合加工機（DMG Mori NTX-2000）,形状記憶合金（Ni-Ti系、医療機器用）,ナノレベル精度要求（公差±0.001mm）,難削材加工での安定生産確立（工具寿命100個以上）,2024-03-26T00:00:00Z
144,5,144,92,[職務カテゴリ: 精密加工・品質管理 / 分類コード: 工具-E-24] 対象工程 L5-24: 工具管理・レベル92対応,超高速マシニングセンタ（Makino D500）,ナノ結晶材料（粒径50nm以下、超高強度）,極限環境での加工条件最適化（真空中・極低温）,新材料加工プロセスの確立と標準化,2024-03-26T00:00:00Z
145,4,145,27,[職務カテゴリ: 生産効率・改善活動 / 分類コード: 工具-E-25] 対象工程 L2-25: 工具管理・レベル27対応,NC旋盤（Okuma LB-3000）,AISI 4340鋼材（高強度グレード、HRC 30-35）,工具摩耗進行による寸法変動（500個加工後）,寸法公差±0.01mm維持、工具寿命30%向上,2024-03-27T00:00:00Z
146,1,146,64,[職務カテゴリ: 精密加工・品質管理 / 分類コード: 工具-E-26] 対象工程 L4-26: 工具管理・レベル64対応,ワイヤー放電加工機（Sodick AQ327L）,窒化ケイ素セラミックス（Si3N4、高温用途）,難削材加工での切削温度上昇（800℃超）,複雑5軸加工の無人化運転達成,2024-03-27T00:00:00Z
147,16,147,91,[職務カテゴリ: 測定・検査技術 / 分類コード: 工具-E-27] 対象工程 L5-27: 工具管理・レベル91対応,超高速マシニングセンタ（Makino D500）,傾斜機能材料（FGM、熱遮蔽コーティング用）,原子レベルの表面粗さ要求（Ra < 0.01μm）,極限環境加工技術の開発と実用化,2024-03-27T00:00:00Z
148,2,148,99,[職務カテゴリ: 生産効率・改善活動 / 分類コード: 工具-E-28] 対象工程 L5-28: 工具管理・レベル99対応,ナノ精度加工機（Moore Nanotech 350FG）,傾斜機能材料（FGM、熱遮蔽コーティング用）,原子レベルの表面粗さ要求（Ra < 0.01μm）,新材料加工プロセスの確立と標準化,2024-03-29T00:00:00Z
149,11,149,31,[職務カテゴリ: 多軸加工・複雑形状 / 分類コード: 工具-E-29] 対象工程 L2-29: 工具管理・レベル31対応,マシニングセンタ（DMG Mori NVX-5000）,NAK80プリハードン鋼（HRC 37-43）,工具摩耗進行による寸法変動（500個加工後）,サイクルタイム20%短縮、品質維持,2024-03-29T00:00:00Z
150,18,150,32,[職務カテゴリ: 工具管理・最適化 / 分類コード: 工具-E-30] 対象工程 L2-30: 工具管理・レベル32対応,マシニングセンタ（DMG Mori NVX-5000）,Ti-6Al-4Vチタン合金（航空機用）,工具摩耗進行による寸法変動（500個加工後）,サイクルタイム20%短縮、品質維持,2024-03-29T00:00:00Z
151,10,151,1,[職務カテゴリ: 精密加工・品質管理 / 分類コード: 品質-F-01] 対象工程 L1-1: 品質管理・レベル1対応,ボール盤（標準型）,S45C炭素鋼（一般用途）,新規ロット材導入（ロット番号変更）,寸法公差±0.02mm以内、バリ発生抑制,2024-03-29T00:00:00Z
152,17,152,2,[職務カテゴリ: 安全管理・環境整備 / 分類コード: 品質-F-02] 対象工程 L1-2: 品質管理・レベル2対応,ボール盤（標準型）,AISI 4340鋼材（標準グレード）,表面粗さの悪化傾向,初品寸法公差内維持、不良率5%以下,2024-03-29T00:00:00Z
153,5,153,39,[職務カテゴリ: CAD/CAM・プログラミング / 分類コード: 品質-F-03] 対象工程 L2-3: 品質管理・レベル39対応,マシニングセンタ（DMG Mori NVX-5000）,AISI 4340鋼材（高強度グレード、HRC 30-35）,工具摩耗進行による寸法変動（500個加工後）,熱変位補正による精度安定化（±0.005mm）,2024-03-29T00:00:00Z
154,2,154,84,[職務カテゴリ: 工具管理・最適化 / 分類コード: 品質-F-04] 対象工程 L5-4: 品質管理・レベル84対応,レーザー加工機（Trumpf TruLaser 5030）,ナノ結晶材料（粒径50nm以下、超高強度）,原子レベルの表面粗さ要求（Ra < 0.01μm）,新材料加工プロセスの確立と標準化,2024-04-01T00:00:00Z
155,15,155,83,[職務カテゴリ: 工具管理・最適化 / 分類コード: 品質-F-05] 対象工程 L5-5: 品質管理・レベル83対応,超高速マシニングセンタ（Makino D500）,メタマテリアル複合材（負の屈折率特性）,原子レベルの表面粗さ要求（Ra < 0.01μm）,原子レベル表面仕上げの安定生産（Ra < 0.01μm）,2024-04-01T00:00:00Z
156,8,156,77,[職務カテゴリ: 材料選定・特性評価 / 分類コード: 品質-F-06] 対象工程 L4-6: 品質管理・レベル77対応,超精密加工機（Makino V33i）,単結晶ニッケル基超合金（CMSX-4、タービンブレード用）,難削材加工での切削温度上昇（800℃超）,ナノ精度加工の実現（公差±0.001mm）,2024-04-01T00:00:00Z
157,3,157,42,[職務カテゴリ: 安全管理・環境整備 / 分類コード: 品質-F-07] 対象工程 L3-7: 品質管理・レベル42対応,CNC研削盤（Studer S33）,超硬合金（WC-Co系、HRA 90以上）,微細形状加工での工具たわみ（径0.5mm以下）,微細形状の寸法精度±0.002mm確保,2024-04-03T00:00:00Z
158,11,158,20,[職務カテゴリ: 材料選定・特性評価 / 分類コード: 品質-F-08] 対象工程 L1-8: 品質管理・レベル20対応,汎用フライス盤（Mori Seiki NH-4000）,SUS304ステンレス鋼（汎用）,表面粗さの悪化傾向,寸法公差±0.02mm以内、バリ発生抑制,2024-04-03T00:00:00Z
159,8,159,45,[職務カテゴリ: 工具管理・最適化 / 分類コード: 品質-F-09] 対象工程 L3-9: 品質管理・レベル45対応,複合加工機（Mazak Integrex i-200）,炭素繊維強化プラスチック（CFRP、積層構造）,多軸同時加工での振動発生（固有振動数励起）,高硬度材加工での工具寿命確保（200個以上）,2024-04-03T00:00:00Z
160,13,160,12,[職務カテゴリ: 生産効率・改善活動 / 分類コード: 品質-F-10] 対象工程 L1-10: 品質管理・レベル12対応,NC旋盤（Mazak QT-200）,AISI 4340鋼材（標準グレード）,加工開始後の寸法ばらつき発生,Ra 3.2以下達成、外観品質向上,2024-04-05T00:00:00Z
161,2,161,75,[職務カテゴリ: 工具管理・最適化 / 分類コード: 品質-F-11] 対象工程 L4-11: 品質管理・レベル75対応,超精密加工機（Makino V33i）,単結晶ニッケル基超合金（CMSX-4、タービンブレード用）,複雑形状での工具干渉リスク（5軸加工）,複雑5軸加工の無人化運転達成,2024-04-05T00:00:00Z
162,9,162,33,[職務カテゴリ: 多軸加工・複雑形状 / 分類コード: 品質-F-12] 対象工程 L2-12: 品質管理・レベル33対応,マシニングセンタ（DMG Mori NVX-5000）,Ti-6Al-4Vチタン合金（航空機用）,工具摩耗進行による寸法変動（500個加工後）,熱変位補正による精度安定化（±0.005mm）,2024-04-05T00:00:00Z
163,14,163,6,[職務カテゴリ: CAD/CAM・プログラミング / 分類コード: 品質-F-13] 対象工程 L1-13: 品質管理・レベル6対応,NC旋盤（Mazak QT-200）,AISI 4340鋼材（標準グレード）,加工開始後の寸法ばらつき発生,初品寸法公差内維持、不良率5%以下,2024-04-06T00:00:00Z
164,17,164,73,[職務カテゴリ: 生産効率・改善活動 / 分類コード: 品質-F-14] 対象工程 L4-14: 品質管理・レベル73対応,5軸複合加工機（DMG Mori NTX-2000）,単結晶ニッケル基超合金（CMSX-4、タービンブレード用）,複雑形状での工具干渉リスク（5軸加工）,ナノ精度加工の実現（公差±0.001mm）,2024-04-06T00:00:00Z
165,1,165,49,[職務カテゴリ: 生産効率・改善活動 / 分類コード: 品質-F-15] 対象工程 L3-15: 品質管理・レベル49対応,5軸マシニングセンタ（DMG Mori DMU-50）,炭素繊維強化プラスチック（CFRP、積層構造）,微細形状加工での工具たわみ（径0.5mm以下）,5軸加工での形状精度±0.005mm達成,2024-04-06T00:00:00Z
166,19,166,19,[職務カテゴリ: 材料選定・特性評価 / 分類コード: 品質-F-16] 対象工程 L1-16: 品質管理・レベル19対応,ボール盤（標準型）,SUS304ステンレス鋼（汎用）,新規ロット材導入（ロット番号変更）,Ra 3.2以下達成、外観品質向上,2024-04-07T00:00:00Z
167,17,167,8,[職務カテゴリ: 多軸加工・複雑形状 / 分類コード: 品質-F-17] 対象工程 L1-17: 品質管理・レベル8対応,汎用フライス盤（Mori Seiki NH-4000）,S45C炭素鋼（一般用途）,新規ロット材導入（ロット番号変更）,寸法公差±0.02mm以内、バリ発生抑制,2024-04-07T00:00:00Z
168,14,168,62,[職務カテゴリ: 多軸加工・複雑形状 / 分類コード: 品質-F-18] 対象工程 L4-18: 品質管理・レベル62対応,ワイヤー放電加工機（Sodick AQ327L）,形状記憶合金（Ni-Ti系、医療機器用）,ナノレベル精度要求（公差±0.001mm）,ナノ精度加工の実現（公差±0.001mm）,2024-04-07T00:00:00Z
169,16,169,90,[職務カテゴリ: メンテナンス・トラブル対応 / 分類コード: 品質-F-19] 対象工程 L5-19: 品質管理・レベル90対応,レーザー加工機（Trumpf TruLaser 5030）,メタマテリアル複合材（負の屈折率特性）,原子レベルの表面粗さ要求（Ra < 0.01μm）,新材料加工プロセスの確立と標準化,2024-04-10T00:00:00Z
170,2,170,93,[職務カテゴリ: 多軸加工・複雑形状 / 分類コード: 品質-F-20] 対象工程 L5-20: 品質管理・レベル93対応,レーザー加工機（Trumpf TruLaser 5030）,メタマテリアル複合材（負の屈折率特性）,極限環境での加工条件最適化（真空中・極低温）,原子レベル表面仕上げの安定生産（Ra < 0.01μm）,2024-04-10T00:00:00Z
171,4,171,30,[職務カテゴリ: 精密加工・品質管理 / 分類コード: 品質-F-21] 対象工程 L2-21: 品質管理・レベル30対応,研削盤（Toyoda GE4P）,AISI 4340鋼材（高強度グレード、HRC 30-35）,季節変動による熱変位（室温±5℃変化）,寸法公差±0.01mm維持、工具寿命30%向上,2024-04-10T00:00:00Z
172,11,172,95,[職務カテゴリ: 工具管理・最適化 / 分類コード: 品質-F-22] 対象工程 L5-22: 品質管理・レベル95対応,超高速マシニングセンタ（Makino D500）,メタマテリアル複合材（負の屈折率特性）,極限環境での加工条件最適化（真空中・極低温）,原子レベル表面仕上げの安定生産（Ra < 0.01μm）,2024-04-12T00:00:00Z
173,15,173,40,[職務カテゴリ: 生産効率・改善活動 / 分類コード: 品質-F-23] 対象工程 L2-23: 品質管理・レベル40対応,マシニングセンタ（DMG Mori NVX-5000）,Ti-6Al-4Vチタン合金（航空機用）,季節変動による熱変位（室温±5℃変化）,サイクルタイム20%短縮、品質維持,2024-04-12T00:00:00Z
174,4,174,22,[職務カテゴリ: 工具管理・最適化 / 分類コード: 品質-F-24] 対象工程 L2-24: 品質管理・レベル22対応,マシニングセンタ（DMG Mori NVX-5000）,NAK80プリハードン鋼（HRC 37-43）,工具摩耗進行による寸法変動（500個加工後）,熱変位補正による精度安定化（±0.005mm）,2024-04-12T00:00:00Z
175,18,175,84,[職務カテゴリ: メンテナンス・トラブル対応 / 分類コード: 品質-F-25] 対象工程 L5-25: 品質管理・レベル84対応,ナノ精度加工機（Moore Nanotech 350FG）,メタマテリアル複合材（負の屈折率特性）,極限環境での加工条件最適化（真空中・極低温）,極限環境加工技術の開発と実用化,2024-04-13T00:00:00Z
176,4,176,11,[職務カテゴリ: 安全管理・環境整備 / 分類コード: 品質-F-26] 対象工程 L1-26: 品質管理・レベル11対応,ボール盤（標準型）,AISI 4340鋼材（標準グレード）,新規ロット材導入（ロット番号変更）,Ra 3.2以下達成、外観品質向上,2024-04-13T00:00:00Z
177,4,177,24,[職務カテゴリ: 安全管理・環境整備 / 分類コード: 品質-F-27] 対象工程 L2-27: 品質管理・レベル24対応,マシニングセンタ（DMG Mori NVX-5000）,NAK80プリハードン鋼（HRC 37-43）,工具摩耗進行による寸法変動（500個加工後）,サイクルタイム20%短縮、品質維持,2024-04-13T00:00:00Z
178,17,178,18,[職務カテゴリ: 生産効率・改善活動 / 分類コード: 品質-F-28] 対象工程 L1-28: 品質管理・レベル18対応,NC旋盤（Mazak QT-200）,AISI 4340鋼材（標準グレード）,加工開始後の寸法ばらつき発生,Ra 3.2以下達成、外観品質向上,2024-04-14T00:00:00Z
179,4,179,9,[職務カテゴリ: 工具管理・最適化 / 分類コード: 品質-F-29] 対象工程 L1-29: 品質管理・レベル9対応,NC旋盤（Mazak QT-200）,SUS304ステンレス鋼（汎用）,表面粗さの悪化傾向,初品寸法公差内維持、不良率5%以下,2024-04-14T00:00:00Z
180,5,180,30,[職務カテゴリ: 生産効率・改善活動 / 分類コード: 品質-F-30] 対象工程 L2-30: 品質管理・レベル30対応,研削盤（Toyoda GE4P）,Ti-6Al-4Vチタン合金（航空機用）,工具摩耗進行による寸法変動（500個加工後）,寸法公差±0.01mm維持、工具寿命30%向上,2024-04-14T00:00:00Z
181,11,181,86,[職務カテゴリ: 多軸加工・複雑形状 / 分類コード: CA-G-01] 対象工程 L5-1: CAD/CAM・レベル86対応,レーザー加工機（Trumpf TruLaser 5030）,傾斜機能材料（FGM、熱遮蔽コーティング用）,原子レベルの表面粗さ要求（Ra < 0.01μm）,極限環境加工技術の開発と実用化,2024-04-14T00:00:00Z
182,15,182,15,[職務カテゴリ: CAD/CAM・プログラミング / 分類コード: CA-G-02] 対象工程 L1-2: CAD/CAM・レベル15対応,汎用フライス盤（Mori Seiki NH-4000）,SUS304ステンレス鋼（汎用）,新規ロット材導入（ロット番号変更）,初品寸法公差内維持、不良率5%以下,2024-04-14T00:00:00Z
183,11,183,39,[職務カテゴリ: メンテナンス・トラブル対応 / 分類コード: CA-G-03] 対象工程 L2-3: CAD/CAM・レベル39対応,NC旋盤（Okuma LB-3000）,NAK80プリハードン鋼（HRC 37-43）,工具摩耗進行による寸法変動（500個加工後）,寸法公差±0.01mm維持、工具寿命30%向上,2024-04-14T00:00:00Z
184,13,184,29,[職務カテゴリ: 多軸加工・複雑形状 / 分類コード: CA-G-04] 対象工程 L2-4: CAD/CAM・レベル29対応,研削盤（Toyoda GE4P）,AISI 4340鋼材（高強度グレード、HRC 30-35）,工具摩耗進行による寸法変動（500個加工後）,熱変位補正による精度安定化（±0.005mm）,2024-04-16T00:00:00Z
185,19,185,28,[職務カテゴリ: 精密加工・品質管理 / 分類コード: CA-G-05] 対象工程 L2-5: CAD/CAM・レベル28対応,研削盤（Toyoda GE4P）,NAK80プリハードン鋼（HRC 37-43）,季節変動による熱変位（室温±5℃変化）,熱変位補正による精度安定化（±0.005mm）,2024-04-16T00:00:00Z
186,14,186,24,[職務カテゴリ: 工具管理・最適化 / 分類コード: CA-G-06] 対象工程 L2-6: CAD/CAM・レベル24対応,NC旋盤（Okuma LB-3000）,AISI 4340鋼材（高強度グレード、HRC 30-35）,工具摩耗進行による寸法変動（500個加工後）,熱変位補正による精度安定化（±0.005mm）,2024-04-16T00:00:00Z
187,3,187,53,[職務カテゴリ: 切削・初品確認 / 分類コード: CA-G-07] 対象工程 L3-7: CAD/CAM・レベル53対応,CNC研削盤（Studer S33）,超硬合金（WC-Co系、HRA 90以上）,微細形状加工での工具たわみ（径0.5mm以下）,微細形状の寸法精度±0.002mm確保,2024-04-18T00:00:00Z
188,7,188,40,[職務カテゴリ: メンテナンス・トラブル対応 / 分類コード: CA-G-08] 対象工程 L2-8: CAD/CAM・レベル40対応,NC旋盤（Okuma LB-3000）,AISI 4340鋼材（高強度グレード、HRC 30-35）,季節変動による熱変位（室温±5℃変化）,寸法公差±0.01mm維持、工具寿命30%向上,2024-04-18T00:00:00Z
189,16,189,84,[職務カテゴリ: 精密加工・品質管理 / 分類コード: CA-G-09] 対象工程 L5-9: CAD/CAM・レベル84対応,レーザー加工機（Trumpf TruLaser 5030）,メタマテリアル複合材（負の屈折率特性）,極限環境での加工条件最適化（真空中・極低温）,原子レベル表面仕上げの安定生産（Ra < 0.01μm）,2024-04-18T00:00:00Z
190,12,190,22,[職務カテゴリ: 材料選定・特性評価 / 分類コード: CA-G-10] 対象工程 L2-10: CAD/CAM・レベル22対応,マシニングセンタ（DMG Mori NVX-5000）,NAK80プリハードン鋼（HRC 37-43）,季節変動による熱変位（室温±5℃変化）,寸法公差±0.01mm維持、工具寿命30%向上,2024-04-20T00:00:00Z
191,11,191,75,[職務カテゴリ: 精密加工・品質管理 / 分類コード: CA-G-11] 対象工程 L4-11: CAD/CAM・レベル75対応,超精密加工機（Makino V33i）,窒化ケイ素セラミックス（Si3N4、高温用途）,複雑形状での工具干渉リスク（5軸加工）,ナノ精度加工の実現（公差±0.001mm）,2024-04-20T00:00:00Z
192,8,192,72,[職務カテゴリ: 生産効率・改善活動 / 分類コード: CA-G-12] 対象工程 L4-12: CAD/CAM・レベル72対応,5軸複合加工機（DMG Mori NTX-2000）,単結晶ニッケル基超合金（CMSX-4、タービンブレード用）,難削材加工での切削温度上昇（800℃超）,複雑5軸加工の無人化運転達成,2024-04-20T00:00:00Z
193,18,193,62,[職務カテゴリ: 工具管理・最適化 / 分類コード: CA-G-13] 対象工程 L4-13: CAD/CAM・レベル62対応,5軸複合加工機（DMG Mori NTX-2000）,単結晶ニッケル基超合金（CMSX-4、タービンブレード用）,ナノレベル精度要求（公差±0.001mm）,難削材加工での安定生産確立（工具寿命100個以上）,2024-04-23T00:00:00Z
194,11,194,34,[職務カテゴリ: 切削・初品確認 / 分類コード: CA-G-14] 対象工程 L2-14: CAD/CAM・レベル34対応,NC旋盤（Okuma LB-3000）,AISI 4340鋼材（高強度グレード、HRC 30-35）,工具摩耗進行による寸法変動（500個加工後）,熱変位補正による精度安定化（±0.005mm）,2024-04-23T00:00:00Z
195,5,195,7,[職務カテゴリ: 生産効率・改善活動 / 分類コード: CA-G-15] 対象工程 L1-15: CAD/CAM・レベル7対応,NC旋盤（Mazak QT-200）,S45C炭素鋼（一般用途）,加工開始後の寸法ばらつき発生,Ra 3.2以下達成、外観品質向上,2024-04-23T00:00:00Z
196,4,196,64,[職務カテゴリ: 精密加工・品質管理 / 分類コード: CA-G-16] 対象工程 L4-16: CAD/CAM・レベル64対応,5軸複合加工機（DMG Mori NTX-2000）,形状記憶合金（Ni-Ti系、医療機器用）,ナノレベル精度要求（公差±0.001mm）,ナノ精度加工の実現（公差±0.001mm）,2024-04-26T00:00:00Z
197,9,197,33,[職務カテゴリ: メンテナンス・トラブル対応 / 分類コード: CA-G-17] 対象工程 L2-17: CAD/CAM・レベル33対応,NC旋盤（Okuma LB-3000）,AISI 4340鋼材（高強度グレード、HRC 30-35）,複数工程での累積公差の影響,寸法公差±0.01mm維持、工具寿命30%向上,2024-04-26T00:00:00Z
198,11,198,80,[職務カテゴリ: 多軸加工・複雑形状 / 分類コード: CA-G-18] 対象工程 L4-18: CAD/CAM・レベル80対応,5軸複合加工機（DMG Mori NTX-2000）,形状記憶合金（Ni-Ti系、医療機器用）,複雑形状での工具干渉リスク（5軸加工）,難削材加工での安定生産確立（工具寿命100個以上）,2024-04-26T00:00:00Z
199,6,199,63,[職務カテゴリ: 工具管理・最適化 / 分類コード: CA-G-19] 対象工程 L4-19: CAD/CAM・レベル63対応,ワイヤー放電加工機（Sodick AQ327L）,形状記憶合金（Ni-Ti系、医療機器用）,難削材加工での切削温度上昇（800℃超）,難削材加工での安定生産確立（工具寿命100個以上）,2024-04-27T00:00:00Z
200,1,200,57,[職務カテゴリ: 生産効率・改善活動 / 分類コード: CA-G-20] 対象工程 L3-20: CAD/CAM・レベル57対応,複合加工機（Mazak Integrex i-200）,炭素繊維強化プラスチック（CFRP、積層構造）,高硬度材加工での工具寿命短縮（通常の1/3）,高硬度材加工での工具寿命確保（200個以上）,2024-04-27T00:00:00Z
201,11,201,56,[職務カテゴリ: 工具管理・最適化 / 分類コード: CA-G-21] 対象工程 L3-21: CAD/CAM・レベル56対応,CNC研削盤（Studer S33）,Inconel 718耐熱合金（航空機エンジン部品用）,微細形状加工での工具たわみ（径0.5mm以下）,5軸加工での形状精度±0.005mm達成,2024-04-27T00:00:00Z
202,6,202,10,[職務カテゴリ: 精密加工・品質管理 / 分類コード: CA-G-22] 対象工程 L1-22: CAD/CAM・レベル10対応,NC旋盤（Mazak QT-200）,SUS304ステンレス鋼（汎用）,加工開始後の寸法ばらつき発生,初品寸法公差内維持、不良率5%以下,2024-04-30T00:00:00Z
203,6,203,21,[職務カテゴリ: 生産効率・改善活動 / 分類コード: CA-G-23] 対象工程 L2-23: CAD/CAM・レベル21対応,NC旋盤（Okuma LB-3000）,NAK80プリハードン鋼（HRC 37-43）,複数工程での累積公差の影響,熱変位補正による精度安定化（±0.005mm）,2024-04-30T00:00:00Z
204,4,204,63,[職務カテゴリ: 材料選定・特性評価 / 分類コード: CA-G-24] 対象工程 L4-24: CAD/CAM・レベル63対応,ワイヤー放電加工機（Sodick AQ327L）,単結晶ニッケル基超合金（CMSX-4、タービンブレード用）,ナノレベル精度要求（公差±0.001mm）,複雑5軸加工の無人化運転達成,2024-04-30T00:00:00Z
205,20,205,2,[職務カテゴリ: 精密加工・品質管理 / 分類コード: CA-G-25] 対象工程 L1-25: CAD/CAM・レベル2対応,NC旋盤（Mazak QT-200）,S45C炭素鋼（一般用途）,表面粗さの悪化傾向,Ra 3.2以下達成、外観品質向上,2024-05-01T00:00:00Z
206,14,206,39,[職務カテゴリ: 切削・初品確認 / 分類コード: CA-G-26] 対象工程 L2-26: CAD/CAM・レベル39対応,研削盤（Toyoda GE4P）,AISI 4340鋼材（高強度グレード、HRC 30-35）,季節変動による熱変位（室温±5℃変化）,寸法公差±0.01mm維持、工具寿命30%向上,2024-05-01T00:00:00Z
207,13,207,41,[職務カテゴリ: 材料選定・特性評価 / 分類コード: CA-G-27] 対象工程 L3-27: CAD/CAM・レベル41対応,5軸マシニングセンタ（DMG Mori DMU-50）,超硬合金（WC-Co系、HRA 90以上）,高硬度材加工での工具寿命短縮（通常の1/3）,高硬度材加工での工具寿命確保（200個以上）,2024-05-01T00:00:00Z
208,12,208,88,[職務カテゴリ: 切削・初品確認 / 分類コード: CA-G-28] 対象工程 L5-28: CAD/CAM・レベル88対応,超高速マシニングセンタ（Makino D500）,メタマテリアル複合材（負の屈折率特性）,新材料の切削データベース不在（実験的加工）,新材料加工プロセスの確立と標準化,2024-05-02T00:00:00Z
209,18,209,56,[職務カテゴリ: 材料選定・特性評価 / 分類コード: CA-G-29] 対象工程 L3-29: CAD/CAM・レベル56対応,CNC研削盤（Studer S33）,炭素繊維強化プラスチック（CFRP、積層構造）,多軸同時加工での振動発生（固有振動数励起）,微細形状の寸法精度±0.002mm確保,2024-05-02T00:00:00Z
210,19,210,62,[職務カテゴリ: 生産効率・改善活動 / 分類コード: CA-G-30] 対象工程 L4-30: CAD/CAM・レベル62対応,超精密加工機（Makino V33i）,窒化ケイ素セラミックス（Si3N4、高温用途）,複雑形状での工具干渉リスク（5軸加工）,ナノ精度加工の実現（公差±0.001mm）,2024-05-02T00:00:00Z
211,20,211,66,[職務カテゴリ: 安全管理・環境整備 / 分類コード: 測定-H-01] 対象工程 L4-1: 測定技術・レベル66対応,ワイヤー放電加工機（Sodick AQ327L）,単結晶ニッケル基超合金（CMSX-4、タービンブレード用）,難削材加工での切削温度上昇（800℃超）,難削材加工での安定生産確立（工具寿命100個以上）,2024-05-02T00:00:00Z
212,15,212,42,[職務カテゴリ: 工具管理・最適化 / 分類コード: 測定-H-02] 対象工程 L3-2: 測定技術・レベル42対応,CNC研削盤（Studer S33）,超硬合金（WC-Co系、HRA 90以上）,微細形状加工での工具たわみ（径0.5mm以下）,5軸加工での形状精度±0.005mm達成,2024-05-02T00:00:00Z
213,8,213,31,[職務カテゴリ: 測定・検査技術 / 分類コード: 測定-H-03] 対象工程 L2-3: 測定技術・レベル31対応,研削盤（Toyoda GE4P）,NAK80プリハードン鋼（HRC 37-43）,季節変動による熱変位（室温±5℃変化）,寸法公差±0.01mm維持、工具寿命30%向上,2024-05-02T00:00:00Z
214,16,214,57,[職務カテゴリ: メンテナンス・トラブル対応 / 分類コード: 測定-H-04] 対象工程 L3-4: 測定技術・レベル57対応,5軸マシニングセンタ（DMG Mori DMU-50）,超硬合金（WC-Co系、HRA 90以上）,多軸同時加工での振動発生（固有振動数励起）,微細形状の寸法精度±0.002mm確保,2024-05-04T00:00:00Z
215,8,215,92,[職務カテゴリ: 精密加工・品質管理 / 分類コード: 測定-H-05] 対象工程 L5-5: 測定技術・レベル92対応,ナノ精度加工機（Moore Nanotech 350FG）,ナノ結晶材料（粒径50nm以下、超高強度）,極限環境での加工条件最適化（真空中・極低温）,極限環境加工技術の開発と実用化,2024-05-04T00:00:00Z
216,11,216,7,[職務カテゴリ: 生産効率・改善活動 / 分類コード: 測定-H-06] 対象工程 L1-6: 測定技術・レベル7対応,汎用フライス盤（Mori Seiki NH-4000）,S45C炭素鋼（一般用途）,新規ロット材導入（ロット番号変更）,寸法公差±0.02mm以内、バリ発生抑制,2024-05-04T00:00:00Z
217,19,217,73,[職務カテゴリ: 材料選定・特性評価 / 分類コード: 測定-H-07] 対象工程 L4-7: 測定技術・レベル73対応,5軸複合加工機（DMG Mori NTX-2000）,窒化ケイ素セラミックス（Si3N4、高温用途）,複雑形状での工具干渉リスク（5軸加工）,難削材加工での安定生産確立（工具寿命100個以上）,2024-05-06T00:00:00Z
218,12,218,69,[職務カテゴリ: 精密加工・品質管理 / 分類コード: 測定-H-08] 対象工程 L4-8: 測定技術・レベル69対応,超精密加工機（Makino V33i）,窒化ケイ素セラミックス（Si3N4、高温用途）,難削材加工での切削温度上昇（800℃超）,難削材加工での安定生産確立（工具寿命100個以上）,2024-05-06T00:00:00Z
219,6,219,46,[職務カテゴリ: 安全管理・環境整備 / 分類コード: 測定-H-09] 対象工程 L3-9: 測定技術・レベル46対応,複合加工機（Mazak Integrex i-200）,炭素繊維強化プラスチック（CFRP、積層構造）,微細形状加工での工具たわみ（径0.5mm以下）,5軸加工での形状精度±0.005mm達成,2024-05-06T00:00:00Z
220,16,220,57,[職務カテゴリ: 多軸加工・複雑形状 / 分類コード: 測定-H-10] 対象工程 L3-10: 測定技術・レベル57対応,CNC研削盤（Studer S33）,Inconel 718耐熱合金（航空機エンジン部品用）,多軸同時加工での振動発生（固有振動数励起）,高硬度材加工での工具寿命確保（200個以上）,2024-05-07T00:00:00Z
221,15,221,41,[職務カテゴリ: 工具管理・最適化 / 分類コード: 測定-H-11] 対象工程 L3-11: 測定技術・レベル41対応,CNC研削盤（Studer S33）,炭素繊維強化プラスチック（CFRP、積層構造）,微細形状加工での工具たわみ（径0.5mm以下）,微細形状の寸法精度±0.002mm確保,2024-05-07T00:00:00Z
222,4,222,38,[職務カテゴリ: 安全管理・環境整備 / 分類コード: 測定-H-12] 対象工程 L2-12: 測定技術・レベル38対応,マシニングセンタ（DMG Mori NVX-5000）,AISI 4340鋼材（高強度グレード、HRC 30-35）,季節変動による熱変位（室温±5℃変化）,熱変位補正による精度安定化（±0.005mm）,2024-05-07T00:00:00Z
223,7,223,86,[職務カテゴリ: 安全管理・環境整備 / 分類コード: 測定-H-13] 対象工程 L5-13: 測定技術・レベル86対応,ナノ精度加工機（Moore Nanotech 350FG）,傾斜機能材料（FGM、熱遮蔽コーティング用）,極限環境での加工条件最適化（真空中・極低温）,新材料加工プロセスの確立と標準化,2024-05-09T00:00:00Z
224,7,224,83,[職務カテゴリ: CAD/CAM・プログラミング / 分類コード: 測定-H-14] 対象工程 L5-14: 測定技術・レベル83対応,ナノ精度加工機（Moore Nanotech 350FG）,傾斜機能材料（FGM、熱遮蔽コーティング用）,極限環境での加工条件最適化（真空中・極低温）,新材料加工プロセスの確立と標準化,2024-05-09T00:00:00Z
225,11,225,17,[職務カテゴリ: 材料選定・特性評価 / 分類コード: 測定-H-15] 対象工程 L1-15: 測定技術・レベル17対応,ボール盤（標準型）,S45C炭素鋼（一般用途）,加工開始後の寸法ばらつき発生,初品寸法公差内維持、不良率5%以下,2024-05-09T00:00:00Z
226,5,226,72,[職務カテゴリ: 工具管理・最適化 / 分類コード: 測定-H-16] 対象工程 L4-16: 測定技術・レベル72対応,超精密加工機（Makino V33i）,窒化ケイ素セラミックス（Si3N4、高温用途）,難削材加工での切削温度上昇（800℃超）,複雑5軸加工の無人化運転達成,2024-05-12T00:00:00Z
227,11,227,48,[職務カテゴリ: 多軸加工・複雑形状 / 分類コード: 測定-H-17] 対象工程 L3-17: 測定技術・レベル48対応,5軸マシニングセンタ（DMG Mori DMU-50）,超硬合金（WC-Co系、HRA 90以上）,微細形状加工での工具たわみ（径0.5mm以下）,高硬度材加工での工具寿命確保（200個以上）,2024-05-12T00:00:00Z
228,6,228,62,[職務カテゴリ: 切削・初品確認 / 分類コード: 測定-H-18] 対象工程 L4-18: 測定技術・レベル62対応,超精密加工機（Makino V33i）,形状記憶合金（Ni-Ti系、医療機器用）,ナノレベル精度要求（公差±0.001mm）,難削材加工での安定生産確立（工具寿命100個以上）,2024-05-12T00:00:00Z
229,2,229,74,[職務カテゴリ: 工具管理・最適化 / 分類コード: 測定-H-19] 対象工程 L4-19: 測定技術・レベル74対応,超精密加工機（Makino V33i）,単結晶ニッケル基超合金（CMSX-4、タービンブレード用）,ナノレベル精度要求（公差±0.001mm）,ナノ精度加工の実現（公差±0.001mm）,2024-05-14T00:00:00Z
230,2,230,18,[職務カテゴリ: 精密加工・品質管理 / 分類コード: 測定-H-20] 対象工程 L1-20: 測定技術・レベル18対応,汎用フライス盤（Mori Seiki NH-4000）,S45C炭素鋼（一般用途）,加工開始後の寸法ばらつき発生,初品寸法公差内維持、不良率5%以下,2024-05-14T00:00:00Z
231,14,231,89,[職務カテゴリ: 精密加工・品質管理 / 分類コード: 測定-H-21] 対象工程 L5-21: 測定技術・レベル89対応,超高速マシニングセンタ（Makino D500）,ナノ結晶材料（粒径50nm以下、超高強度）,極限環境での加工条件最適化（真空中・極低温）,新材料加工プロセスの確立と標準化,2024-05-14T00:00:00Z
232,2,232,90,[職務カテゴリ: メンテナンス・トラブル対応 / 分類コード: 測定-H-22] 対象工程 L5-22: 測定技術・レベル90対応,超高速マシニングセンタ（Makino D500）,ナノ結晶材料（粒径50nm以下、超高強度）,新材料の切削データベース不在（実験的加工）,新材料加工プロセスの確立と標準化,2024-05-16T00:00:00Z
233,18,233,24,[職務カテゴリ: 材料選定・特性評価 / 分類コード: 測定-H-23] 対象工程 L2-23: 測定技術・レベル24対応,研削盤（Toyoda GE4P）,AISI 4340鋼材（高強度グレード、HRC 30-35）,複数工程での累積公差の影響,熱変位補正による精度安定化（±0.005mm）,2024-05-16T00:00:00Z
234,20,234,30,[職務カテゴリ: CAD/CAM・プログラミング / 分類コード: 測定-H-24] 対象工程 L2-24: 測定技術・レベル30対応,研削盤（Toyoda GE4P）,AISI 4340鋼材（高強度グレード、HRC 30-35）,工具摩耗進行による寸法変動（500個加工後）,サイクルタイム20%短縮、品質維持,2024-05-16T00:00:00Z
235,16,235,64,[職務カテゴリ: 材料選定・特性評価 / 分類コード: 測定-H-25] 対象工程 L4-25: 測定技術・レベル64対応,5軸複合加工機（DMG Mori NTX-2000）,単結晶ニッケル基超合金（CMSX-4、タービンブレード用）,ナノレベル精度要求（公差±0.001mm）,複雑5軸加工の無人化運転達成,2024-05-17T00:00:00Z
236,10,236,64,[職務カテゴリ: 切削・初品確認 / 分類コード: 測定-H-26] 対象工程 L4-26: 測定技術・レベル64対応,ワイヤー放電加工機（Sodick AQ327L）,単結晶ニッケル基超合金（CMSX-4、タービンブレード用）,難削材加工での切削温度上昇（800℃超）,難削材加工での安定生産確立（工具寿命100個以上）,2024-05-17T00:00:00Z
237,14,237,57,[職務カテゴリ: 安全管理・環境整備 / 分類コード: 測定-H-27] 対象工程 L3-27: 測定技術・レベル57対応,CNC研削盤（Studer S33）,炭素繊維強化プラスチック（CFRP、積層構造）,多軸同時加工での振動発生（固有振動数励起）,5軸加工での形状精度±0.005mm達成,2024-05-17T00:00:00Z
238,13,238,2,[職務カテゴリ: 多軸加工・複雑形状 / 分類コード: 測定-H-28] 対象工程 L1-28: 測定技術・レベル2対応,ボール盤（標準型）,AISI 4340鋼材（標準グレード）,加工開始後の寸法ばらつき発生,Ra 3.2以下達成、外観品質向上,2024-05-18T00:00:00Z
239,17,239,67,[職務カテゴリ: 精密加工・品質管理 / 分類コード: 測定-H-29] 対象工程 L4-29: 測定技術・レベル67対応,5軸複合加工機（DMG Mori NTX-2000）,窒化ケイ素セラミックス（Si3N4、高温用途）,難削材加工での切削温度上昇（800℃超）,ナノ精度加工の実現（公差±0.001mm）,2024-05-18T00:00:00Z
240,12,240,87,[職務カテゴリ: CAD/CAM・プログラミング / 分類コード: 測定-H-30] 対象工程 L5-30: 測定技術・レベル87対応,ナノ精度加工機（Moore Nanotech 350FG）,傾斜機能材料（FGM、熱遮蔽コーティング用）,原子レベルの表面粗さ要求（Ra < 0.01μm）,極限環境加工技術の開発と実用化,2024-05-18T00:00:00Z
241,7,241,29,[職務カテゴリ: 精密加工・品質管理 / 分類コード: 安全-I-01] 対象工程 L2-1: 安全管理・レベル29対応,マシニングセンタ（DMG Mori NVX-5000）,AISI 4340鋼材（高強度グレード、HRC 30-35）,季節変動による熱変位（室温±5℃変化）,寸法公差±0.01mm維持、工具寿命30%向上,2024-05-18T00:00:00Z
242,15,242,57,[職務カテゴリ: メンテナンス・トラブル対応 / 分類コード: 安全-I-02] 対象工程 L3-2: 安全管理・レベル57対応,CNC研削盤（Studer S33）,Inconel 718耐熱合金（航空機エンジン部品用）,微細形状加工での工具たわみ（径0.5mm以下）,微細形状の寸法精度±0.002mm確保,2024-05-18T00:00:00Z
243,15,243,78,[職務カテゴリ: 測定・検査技術 / 分類コード: 安全-I-03] 対象工程 L4-3: 安全管理・レベル78対応,5軸複合加工機（DMG Mori NTX-2000）,単結晶ニッケル基超合金（CMSX-4、タービンブレード用）,複雑形状での工具干渉リスク（5軸加工）,複雑5軸加工の無人化運転達成,2024-05-18T00:00:00Z
244,7,244,76,[職務カテゴリ: 安全管理・環境整備 / 分類コード: 安全-I-04] 対象工程 L4-4: 安全管理・レベル76対応,超精密加工機（Makino V33i）,単結晶ニッケル基超合金（CMSX-4、タービンブレード用）,複雑形状での工具干渉リスク（5軸加工）,ナノ精度加工の実現（公差±0.001mm）,2024-05-20T00:00:00Z
245,7,245,55,[職務カテゴリ: 測定・検査技術 / 分類コード: 安全-I-05] 対象工程 L3-5: 安全管理・レベル55対応,5軸マシニングセンタ（DMG Mori DMU-50）,超硬合金（WC-Co系、HRA 90以上）,多軸同時加工での振動発生（固有振動数励起）,微細形状の寸法精度±0.002mm確保,2024-05-20T00:00:00Z
246,6,246,81,[職務カテゴリ: 多軸加工・複雑形状 / 分類コード: 安全-I-06] 対象工程 L5-6: 安全管理・レベル81対応,超高速マシニングセンタ（Makino D500）,ナノ結晶材料（粒径50nm以下、超高強度）,極限環境での加工条件最適化（真空中・極低温）,原子レベル表面仕上げの安定生産（Ra < 0.01μm）,2024-05-20T00:00:00Z
247,12,247,5,[職務カテゴリ: 測定・検査技術 / 分類コード: 安全-I-07] 対象工程 L1-7: 安全管理・レベル5対応,ボール盤（標準型）,AISI 4340鋼材（標準グレード）,新規ロット材導入（ロット番号変更）,初品寸法公差内維持、不良率5%以下,2024-05-23T00:00:00Z
248,12,248,7,[職務カテゴリ: 生産効率・改善活動 / 分類コード: 安全-I-08] 対象工程 L1-8: 安全管理・レベル7対応,汎用フライス盤（Mori Seiki NH-4000）,AISI 4340鋼材（標準グレード）,新規ロット材導入（ロット番号変更）,Ra 3.2以下達成、外観品質向上,2024-05-23T00:00:00Z
249,9,249,91,[職務カテゴリ: 多軸加工・複雑形状 / 分類コード: 安全-I-09] 対象工程 L5-9: 安全管理・レベル91対応,ナノ精度加工機（Moore Nanotech 350FG）,メタマテリアル複合材（負の屈折率特性）,極限環境での加工条件最適化（真空中・極低温）,極限環境加工技術の開発と実用化,2024-05-23T00:00:00Z
250,11,250,13,[職務カテゴリ: 工具管理・最適化 / 分類コード: 安全-I-10] 対象工程 L1-10: 安全管理・レベル13対応,ボール盤（標準型）,AISI 4340鋼材（標準グレード）,表面粗さの悪化傾向,寸法公差±0.02mm以内、バリ発生抑制,2024-05-26T00:00:00Z
251,11,251,38,[職務カテゴリ: 安全管理・環境整備 / 分類コード: 安全-I-11] 対象工程 L2-11: 安全管理・レベル38対応,研削盤（Toyoda GE4P）,AISI 4340鋼材（高強度グレード、HRC 30-35）,複数工程での累積公差の影響,寸法公差±0.01mm維持、工具寿命30%向上,2024-05-26T00:00:00Z
252,4,252,58,[職務カテゴリ: 工具管理・最適化 / 分類コード: 安全-I-12] 対象工程 L3-12: 安全管理・レベル58対応,複合加工機（Mazak Integrex i-200）,超硬合金（WC-Co系、HRA 90以上）,多軸同時加工での振動発生（固有振動数励起）,微細形状の寸法精度±0.002mm確保,2024-05-26T00:00:00Z
253,1,253,2,[職務カテゴリ: 精密加工・品質管理 / 分類コード: 安全-I-13] 対象工程 L1-13: 安全管理・レベル2対応,汎用フライス盤（Mori Seiki NH-4000）,AISI 4340鋼材（標準グレード）,加工開始後の寸法ばらつき発生,初品寸法公差内維持、不良率5%以下,2024-05-29T00:00:00Z
254,10,254,7,[職務カテゴリ: 材料選定・特性評価 / 分類コード: 安全-I-14] 対象工程 L1-14: 安全管理・レベル7対応,NC旋盤（Mazak QT-200）,SUS304ステンレス鋼（汎用）,表面粗さの悪化傾向,Ra 3.2以下達成、外観品質向上,2024-05-29T00:00:00Z
255,1,255,45,[職務カテゴリ: 精密加工・品質管理 / 分類コード: 安全-I-15] 対象工程 L3-15: 安全管理・レベル45対応,CNC研削盤（Studer S33）,超硬合金（WC-Co系、HRA 90以上）,微細形状加工での工具たわみ（径0.5mm以下）,5軸加工での形状精度±0.005mm達成,2024-05-29T00:00:00Z
256,16,256,31,[職務カテゴリ: CAD/CAM・プログラミング / 分類コード: 安全-I-16] 対象工程 L2-16: 安全管理・レベル31対応,マシニングセンタ（DMG Mori NVX-5000）,Ti-6Al-4Vチタン合金（航空機用）,季節変動による熱変位（室温±5℃変化）,寸法公差±0.01mm維持、工具寿命30%向上,2024-05-31T00:00:00Z
257,12,257,4,[職務カテゴリ: 工具管理・最適化 / 分類コード: 安全-I-17] 対象工程 L1-17: 安全管理・レベル4対応,汎用フライス盤（Mori Seiki NH-4000）,S45C炭素鋼（一般用途）,加工開始後の寸法ばらつき発生,寸法公差±0.02mm以内、バリ発生抑制,2024-05-31T00:00:00Z
258,17,258,5,[職務カテゴリ: 安全管理・環境整備 / 分類コード: 安全-I-18] 対象工程 L1-18: 安全管理・レベル5対応,汎用フライス盤（Mori Seiki NH-4000）,AISI 4340鋼材（標準グレード）,新規ロット材導入（ロット番号変更）,Ra 3.2以下達成、外観品質向上,2024-05-31T00:00:00Z
259,10,259,9,[職務カテゴリ: 測定・検査技術 / 分類コード: 安全-I-19] 対象工程 L1-19: 安全管理・レベル9対応,NC旋盤（Mazak QT-200）,S45C炭素鋼（一般用途）,表面粗さの悪化傾向,初品寸法公差内維持、不良率5%以下,2024-06-03T00:00:00Z
260,13,260,12,[職務カテゴリ: 材料選定・特性評価 / 分類コード: 安全-I-20] 対象工程 L1-20: 安全管理・レベル12対応,ボール盤（標準型）,S45C炭素鋼（一般用途）,加工開始後の寸法ばらつき発生,寸法公差±0.02mm以内、バリ発生抑制,2024-06-03T00:00:00Z
261,1,261,29,[職務カテゴリ: 工具管理・最適化 / 分類コード: 安全-I-21] 対象工程 L2-21: 安全管理・レベル29対応,NC旋盤（Okuma LB-3000）,Ti-6Al-4Vチタン合金（航空機用）,工具摩耗進行による寸法変動（500個加工後）,サイクルタイム20%短縮、品質維持,2024-06-03T00:00:00Z
262,15,262,27,[職務カテゴリ: 測定・検査技術 / 分類コード: 安全-I-22] 対象工程 L2-22: 安全管理・レベル27対応,NC旋盤（Okuma LB-3000）,NAK80プリハードン鋼（HRC 37-43）,季節変動による熱変位（室温±5℃変化）,熱変位補正による精度安定化（±0.005mm）,2024-06-06T00:00:00Z
263,12,263,1,[職務カテゴリ: メンテナンス・トラブル対応 / 分類コード: 安全-I-23] 対象工程 L1-23: 安全管理・レベル1対応,ボール盤（標準型）,S45C炭素鋼（一般用途）,新規ロット材導入（ロット番号変更）,Ra 3.2以下達成、外観品質向上,2024-06-06T00:00:00Z
264,4,264,7,[職務カテゴリ: 安全管理・環境整備 / 分類コード: 安全-I-24] 対象工程 L1-24: 安全管理・レベル7対応,NC旋盤（Mazak QT-200）,SUS304ステンレス鋼（汎用）,新規ロット材導入（ロット番号変更）,寸法公差±0.02mm以内、バリ発生抑制,2024-06-06T00:00:00Z
265,19,265,5,[職務カテゴリ: 材料選定・特性評価 / 分類コード: 安全-I-25] 対象工程 L1-25: 安全管理・レベル5対応,NC旋盤（Mazak QT-200）,SUS304ステンレス鋼（汎用）,加工開始後の寸法ばらつき発生,初品寸法公差内維持、不良率5%以下,2024-06-09T00:00:00Z
266,11,266,98,[職務カテゴリ: メンテナンス・トラブル対応 / 分類コード: 安全-I-26] 対象工程 L5-26: 安全管理・レベル98対応,ナノ精度加工機（Moore Nanotech 350FG）,ナノ結晶材料（粒径50nm以下、超高強度）,新材料の切削データベース不在（実験的加工）,原子レベル表面仕上げの安定生産（Ra < 0.01μm）,2024-06-09T00:00:00Z
267,3,267,69,[職務カテゴリ: 安全管理・環境整備 / 分類コード: 安全-I-27] 対象工程 L4-27: 安全管理・レベル69対応,5軸複合加工機（DMG Mori NTX-2000）,形状記憶合金（Ni-Ti系、医療機器用）,難削材加工での切削温度上昇（800℃超）,難削材加工での安定生産確立（工具寿命100個以上）,2024-06-09T00:00:00Z
268,14,268,7,[職務カテゴリ: 精密加工・品質管理 / 分類コード: 安全-I-28] 対象工程 L1-28: 安全管理・レベル7対応,NC旋盤（Mazak QT-200）,SUS304ステンレス鋼（汎用）,加工開始後の寸法ばらつき発生,寸法公差±0.02mm以内、バリ発生抑制,2024-06-11T00:00:00Z
269,11,269,8,[職務カテゴリ: 安全管理・環境整備 / 分類コード: 安全-I-29] 対象工程 L1-29: 安全管理・レベル8対応,ボール盤（標準型）,S45C炭素鋼（一般用途）,新規ロット材導入（ロット番号変更）,初品寸法公差内維持、不良率5%以下,2024-06-11T00:00:00Z
270,19,270,97,[職務カテゴリ: 切削・初品確認 / 分類コード: 安全-I-30] 対象工程 L5-30: 安全管理・レベル97対応,ナノ精度加工機（Moore Nanotech 350FG）,ナノ結晶材料（粒径50nm以下、超高強度）,原子レベルの表面粗さ要求（Ra < 0.01μm）,新材料加工プロセスの確立と標準化,2024-06-11T00:00:00Z
271,11,271,4,[職務カテゴリ: CAD/CAM・プログラミング / 分類コード: 生産-J-01] 対象工程 L1-1: 生産管理・レベル4対応,NC旋盤（Mazak QT-200）,AISI 4340鋼材（標準グレード）,表面粗さの悪化傾向,Ra 3.2以下達成、外観品質向上,2024-06-11T00:00:00Z
272,19,272,14,[職務カテゴリ: CAD/CAM・プログラミング / 分類コード: 生産-J-02] 対象工程 L1-2: 生産管理・レベル14対応,汎用フライス盤（Mori Seiki NH-4000）,AISI 4340鋼材（標準グレード）,新規ロット材導入（ロット番号変更）,初品寸法公差内維持、不良率5%以下,2024-06-11T00:00:00Z
273,20,273,22,[職務カテゴリ: 工具管理・最適化 / 分類コード: 生産-J-03] 対象工程 L2-3: 生産管理・レベル22対応,研削盤（Toyoda GE4P）,AISI 4340鋼材（高強度グレード、HRC 30-35）,季節変動による熱変位（室温±5℃変化）,サイクルタイム20%短縮、品質維持,2024-06-11T00:00:00Z
274,20,274,76,[職務カテゴリ: 精密加工・品質管理 / 分類コード: 生産-J-04] 対象工程 L4-4: 生産管理・レベル76対応,5軸複合加工機（DMG Mori NTX-2000）,窒化ケイ素セラミックス（Si3N4、高温用途）,ナノレベル精度要求（公差±0.001mm）,難削材加工での安定生産確立（工具寿命100個以上）,2024-06-13T00:00:00Z
275,20,275,5,[職務カテゴリ: CAD/CAM・プログラミング / 分類コード: 生産-J-05] 対象工程 L1-5: 生産管理・レベル5対応,ボール盤（標準型）,S45C炭素鋼（一般用途）,表面粗さの悪化傾向,寸法公差±0.02mm以内、バリ発生抑制,2024-06-13T00:00:00Z
276,17,276,25,[職務カテゴリ: 精密加工・品質管理 / 分類コード: 生産-J-06] 対象工程 L2-6: 生産管理・レベル25対応,研削盤（Toyoda GE4P）,NAK80プリハードン鋼（HRC 37-43）,複数工程での累積公差の影響,サイクルタイム20%短縮、品質維持,2024-06-13T00:00:00Z
277,3,277,48,[職務カテゴリ: 多軸加工・複雑形状 / 分類コード: 生産-J-07] 対象工程 L3-7: 生産管理・レベル48対応,複合加工機（Mazak Integrex i-200）,炭素繊維強化プラスチック（CFRP、積層構造）,微細形状加工での工具たわみ（径0.5mm以下）,高硬度材加工での工具寿命確保（200個以上）,2024-06-14T00:00:00Z
278,16,278,73,[職務カテゴリ: CAD/CAM・プログラミング / 分類コード: 生産-J-08] 対象工程 L4-8: 生産管理・レベル73対応,5軸複合加工機（DMG Mori NTX-2000）,窒化ケイ素セラミックス（Si3N4、高温用途）,難削材加工での切削温度上昇（800℃超）,ナノ精度加工の実現（公差±0.001mm）,2024-06-14T00:00:00Z
279,20,279,27,[職務カテゴリ: 工具管理・最適化 / 分類コード: 生産-J-09] 対象工程 L2-9: 生産管理・レベル27対応,NC旋盤（Okuma LB-3000）,NAK80プリハードン鋼（HRC 37-43）,工具摩耗進行による寸法変動（500個加工後）,サイクルタイム20%短縮、品質維持,2024-06-14T00:00:00Z
280,12,280,37,[職務カテゴリ: 安全管理・環境整備 / 分類コード: 生産-J-10] 対象工程 L2-10: 生産管理・レベル37対応,マシニングセンタ（DMG Mori NVX-5000）,AISI 4340鋼材（高強度グレード、HRC 30-35）,複数工程での累積公差の影響,寸法公差±0.01mm維持、工具寿命30%向上,2024-06-15T00:00:00Z
281,8,281,18,[職務カテゴリ: 多軸加工・複雑形状 / 分類コード: 生産-J-11] 対象工程 L1-11: 生産管理・レベル18対応,ボール盤（標準型）,S45C炭素鋼（一般用途）,表面粗さの悪化傾向,初品寸法公差内維持、不良率5%以下,2024-06-15T00:00:00Z
282,19,282,80,[職務カテゴリ: 測定・検査技術 / 分類コード: 生産-J-12] 対象工程 L4-12: 生産管理・レベル80対応,ワイヤー放電加工機（Sodick AQ327L）,形状記憶合金（Ni-Ti系、医療機器用）,複雑形状での工具干渉リスク（5軸加工）,複雑5軸加工の無人化運転達成,2024-06-15T00:00:00Z
283,10,283,87,[職務カテゴリ: 精密加工・品質管理 / 分類コード: 生産-J-13] 対象工程 L5-13: 生産管理・レベル87対応,ナノ精度加工機（Moore Nanotech 350FG）,傾斜機能材料（FGM、熱遮蔽コーティング用）,極限環境での加工条件最適化（真空中・極低温）,極限環境加工技術の開発と実用化,2024-06-17T00:00:00Z
284,5,284,82,[職務カテゴリ: 多軸加工・複雑形状 / 分類コード: 生産-J-14] 対象工程 L5-14: 生産管理・レベル82対応,レーザー加工機（Trumpf TruLaser 5030）,ナノ結晶材料（粒径50nm以下、超高強度）,新材料の切削データベース不在（実験的加工）,極限環境加工技術の開発と実用化,2024-06-17T00:00:00Z
285,11,285,23,[職務カテゴリ: 安全管理・環境整備 / 分類コード: 生産-J-15] 対象工程 L2-15: 生産管理・レベル23対応,NC旋盤（Okuma LB-3000）,AISI 4340鋼材（高強度グレード、HRC 30-35）,複数工程での累積公差の影響,サイクルタイム20%短縮、品質維持,2024-06-17T00:00:00Z
286,1,286,5,[職務カテゴリ: CAD/CAM・プログラミング / 分類コード: 生産-J-16] 対象工程 L1-16: 生産管理・レベル5対応,汎用フライス盤（Mori Seiki NH-4000）,S45C炭素鋼（一般用途）,表面粗さの悪化傾向,初品寸法公差内維持、不良率5%以下,2024-06-18T00:00:00Z
287,17,287,51,[職務カテゴリ: 生産効率・改善活動 / 分類コード: 生産-J-17] 対象工程 L3-17: 生産管理・レベル51対応,5軸マシニングセンタ（DMG Mori DMU-50）,Inconel 718耐熱合金（航空機エンジン部品用）,多軸同時加工での振動発生（固有振動数励起）,微細形状の寸法精度±0.002mm確保,2024-06-18T00:00:00Z
288,16,288,47,[職務カテゴリ: メンテナンス・トラブル対応 / 分類コード: 生産-J-18] 対象工程 L3-18: 生産管理・レベル47対応,5軸マシニングセンタ（DMG Mori DMU-50）,炭素繊維強化プラスチック（CFRP、積層構造）,高硬度材加工での工具寿命短縮（通常の1/3）,微細形状の寸法精度±0.002mm確保,2024-06-18T00:00:00Z
289,17,289,93,[職務カテゴリ: 多軸加工・複雑形状 / 分類コード: 生産-J-19] 対象工程 L5-19: 生産管理・レベル93対応,ナノ精度加工機（Moore Nanotech 350FG）,傾斜機能材料（FGM、熱遮蔽コーティング用）,原子レベルの表面粗さ要求（Ra < 0.01μm）,新材料加工プロセスの確立と標準化,2024-06-19T00:00:00Z
290,4,290,60,[職務カテゴリ: 工具管理・最適化 / 分類コード: 生産-J-20] 対象工程 L3-20: 生産管理・レベル60対応,5軸マシニングセンタ（DMG Mori DMU-50）,炭素繊維強化プラスチック（CFRP、積層構造）,微細形状加工での工具たわみ（径0.5mm以下）,高硬度材加工での工具寿命確保（200個以上）,2024-06-19T00:00:00Z
291,14,291,58,[職務カテゴリ: 工具管理・最適化 / 分類コード: 生産-J-21] 対象工程 L3-21: 生産管理・レベル58対応,複合加工機（Mazak Integrex i-200）,超硬合金（WC-Co系、HRA 90以上）,多軸同時加工での振動発生（固有振動数励起）,高硬度材加工での工具寿命確保（200個以上）,2024-06-19T00:00:00Z
292,10,292,12,[職務カテゴリ: 生産効率・改善活動 / 分類コード: 生産-J-22] 対象工程 L1-22: 生産管理・レベル12対応,汎用フライス盤（Mori Seiki NH-4000）,AISI 4340鋼材（標準グレード）,加工開始後の寸法ばらつき発生,寸法公差±0.02mm以内、バリ発生抑制,2024-06-21T00:00:00Z
293,11,293,64,[職務カテゴリ: 工具管理・最適化 / 分類コード: 生産-J-23] 対象工程 L4-23: 生産管理・レベル64対応,ワイヤー放電加工機（Sodick AQ327L）,単結晶ニッケル基超合金（CMSX-4、タービンブレード用）,難削材加工での切削温度上昇（800℃超）,ナノ精度加工の実現（公差±0.001mm）,2024-06-21T00:00:00Z
294,11,294,43,[職務カテゴリ: CAD/CAM・プログラミング / 分類コード: 生産-J-24] 対象工程 L3-24: 生産管理・レベル43対応,5軸マシニングセンタ（DMG Mori DMU-50）,炭素繊維強化プラスチック（CFRP、積層構造）,多軸同時加工での振動発生（固有振動数励起）,高硬度材加工での工具寿命確保（200個以上）,2024-06-21T00:00:00Z
295,1,295,64,[職務カテゴリ: 安全管理・環境整備 / 分類コード: 生産-J-25] 対象工程 L4-25: 生産管理・レベル64対応,ワイヤー放電加工機（Sodick AQ327L）,窒化ケイ素セラミックス（Si3N4、高温用途）,複雑形状での工具干渉リスク（5軸加工）,ナノ精度加工の実現（公差±0.001mm）,2024-06-22T00:00:00Z
296,12,296,11,[職務カテゴリ: 材料選定・特性評価 / 分類コード: 生産-J-26] 対象工程 L1-26: 生産管理・レベル11対応,ボール盤（標準型）,AISI 4340鋼材（標準グレード）,新規ロット材導入（ロット番号変更）,Ra 3.2以下達成、外観品質向上,2024-06-22T00:00:00Z
297,18,297,20,[職務カテゴリ: 安全管理・環境整備 / 分類コード: 生産-J-27] 対象工程 L1-27: 生産管理・レベル20対応,ボール盤（標準型）,AISI 4340鋼材（標準グレード）,表面粗さの悪化傾向,Ra 3.2以下達成、外観品質向上,2024-06-22T00:00:00Z
298,14,298,82,[職務カテゴリ: 材料選定・特性評価 / 分類コード: 生産-J-28] 対象工程 L5-28: 生産管理・レベル82対応,超高速マシニングセンタ（Makino D500）,ナノ結晶材料（粒径50nm以下、超高強度）,極限環境での加工条件最適化（真空中・極低温）,新材料加工プロセスの確立と標準化,2024-06-25T00:00:00Z
299,19,299,89,[職務カテゴリ: 生産効率・改善活動 / 分類コード: 生産-J-29] 対象工程 L5-29: 生産管理・レベル89対応,超高速マシニングセンタ（Makino D500）,ナノ結晶材料（粒径50nm以下、超高強度）,新材料の切削データベース不在（実験的加工）,極限環境加工技術の開発と実用化,2024-06-25T00:00:00Z
300,19,300,60,[職務カテゴリ: 多軸加工・複雑形状 / 分類コード: 生産-J-30] 対象工程 L3-30: 生産管理・レベル60対応,5軸マシニングセンタ（DMG Mori DMU-50）,Inconel 718耐熱合金（航空機エンジン部品用）,微細形状加工での工具たわみ（径0.5mm以下）,微細形状の寸法精度±0.002mm確保,2024-06-25T00:00:00Z
